,TID,Items
1,1,4357
1,1,8021
1,1,8259
1,1,25964
1,1,27299
1,1,28815
1,1,41127
2,2,6048
2,2,22159
2,2,40239
2,2,43308
3,3,6686
3,3,18184
3,3,28868
3,3,34706
3,3,48933
4,4,4375
4,4,19779
4,4,21380
4,4,25389
4,4,30122
4,4,38082
4,4,45954
5,5,2091
5,5,4589
5,5,7616
5,5,8695
5,5,34040
5,5,39847
5,5,40430
6,6,7257
6,6,10004
6,6,19449
6,6,19707
6,6,26129
6,6,46996
7,7,2573
7,7,9709
7,7,15876
7,7,17711
7,7,39181
7,7,40187
7,7,44135
7,7,44768
7,7,46924
8,8,19449
8,8,21989
8,8,23661
8,8,39399
8,8,46823
8,8,46996
8,8,49301
8,8,49690
8,8,49757
9,9,2360
9,9,24627
9,9,25870
9,9,36765
9,9,38594
9,9,44550
10,10,4363
10,10,10038
10,10,20832
10,10,27384
10,10,38004
10,10,49546
11,11,4589
11,11,11039
11,11,14700
11,11,38594
11,11,40430
11,11,44247
12,12,1314
12,12,6632
12,12,23774
12,12,29777
12,12,32459
13,13,5750
13,13,5991
13,13,8614
13,13,20346
13,13,28815
13,13,33436
13,13,42304
13,13,42341
13,13,42424
13,13,45450
14,14,5806
14,14,24450
14,14,26091
15,15,5522
15,15,11362
15,15,12166
15,15,13178
15,15,15091
15,15,16801
16,16,9449
16,16,16360
16,16,18248
17,17,1318
17,17,21463
17,17,28919
17,17,36499
17,17,43955
18,18,11820
18,18,15706
18,18,31639
18,18,38724
18,18,42085
18,18,44517
19,19,15351
19,19,27373
19,19,43036
19,19,44886
19,19,45142
20,20,25962
20,20,26078
20,20,46960
21,21,15624
21,21,20583
21,21,24931
22,22,1187
22,22,43456
23,23,1930
23,23,3755
23,23,12705
23,23,21595
23,23,30908
23,23,35155
23,23,38694
23,23,39210
23,23,44866
23,23,46996
24,24,20465
24,24,23678
24,24,47436
25,25,7016
25,25,22580
25,25,25561
25,25,26064
25,25,32097
25,25,34219
25,25,34393
26,26,1187
26,26,8680
26,26,31874
26,26,40247
26,26,48752
27,27,1253
27,27,8277
27,27,10817
27,27,23314
27,27,30404
27,27,32252
27,27,39461
28,28,12448
28,28,15351
28,28,15624
28,28,27218
28,28,38029
28,28,39149
28,28,44886
28,28,45142
28,28,48828
29,29,15349
29,29,16418
29,29,18221
29,29,21112
29,29,23434
29,29,42763
29,29,44994
29,29,49366
29,29,49837
30,30,4308
30,30,14460
30,30,23168
30,30,38196
30,30,44410
31,31,375
31,31,1318
31,31,28919
31,31,46983
32,32,31889
32,32,48071
32,32,48556
33,33,15486
33,33,22461
33,33,26064
33,33,31874
33,33,38054
33,33,47847
33,33,48752
34,34,3415
34,34,10004
34,34,19229
34,34,19707
34,34,20843
35,35,18474
35,35,23311
35,35,38489
35,35,39517
35,35,42424
35,35,48749
36,36,10419
36,36,49690
36,36,49757
37,37,7539
37,37,8669
37,37,12621
37,37,28473
37,37,35057
38,38,30804
39,39,12819
39,39,15424
39,39,36494
39,39,37080
40,40,5991
40,40,7281
40,40,8614
40,40,21171
40,40,27218
40,40,42341
40,40,42424
41,41,24448
41,41,39517
41,41,48749
41,41,49271
42,42,2573
42,42,5339
42,42,17711
42,42,23311
42,42,39181
42,42,39517
42,42,46924
42,42,48749
42,42,49182
43,43,46354
43,43,46470
44,44,7565
44,44,11275
44,44,15080
44,44,30938
44,44,31070
44,44,31639
44,44,44490
44,44,44517
44,44,47436
44,44,48542
45,45,15351
45,45,44886
45,45,45142
46,46,1216
46,46,6583
46,46,17733
46,46,22967
46,46,26736
46,46,27218
46,46,39149
46,46,43236
46,46,48607
47,47,10755
47,47,14452
47,47,25580
48,48,5271
48,48,14019
48,48,20342
48,48,23311
48,48,26417
48,48,39517
48,48,48749
49,49,1256
49,49,3855
49,49,6266
49,49,8397
49,49,9701
49,49,16502
49,49,24794
49,49,26096
49,49,41311
50,50,6551
50,50,10060
50,50,19449
50,50,23782
50,50,24293
50,50,24342
50,50,26129
50,50,34651
50,50,46996
50,50,47484
51,51,23311
51,51,39517
51,51,48749
52,52,1755
52,52,6583
52,52,9748
52,52,10633
52,52,10801
52,52,12705
52,52,16669
52,52,39210
52,52,44866
53,53,2573
53,53,17711
53,53,39181
53,53,46924
53,53,49182
54,54,26933
54,54,27973
54,54,31631
54,54,47692
55,55,3755
55,55,12705
55,55,17444
55,55,39210
55,55,44866
55,55,45450
56,56,15349
56,56,23268
56,56,42763
56,56,49366
57,57,6609
57,57,16696
57,57,19469
57,57,21463
57,57,36069
57,57,42161
57,57,42735
57,57,48752
58,58,34196
58,58,36408
59,59,7951
59,59,40299
59,59,46354
59,59,46470
60,60,26157
60,60,27526
61,61,780
61,61,25964
61,61,41127
61,61,45388
62,62,10886
62,62,10889
62,62,13340
62,62,18474
62,62,34426
62,62,38290
62,62,38489
62,62,42424
63,63,2676
63,63,22562
63,63,23517
63,63,42763
63,63,49366
64,64,37875
64,64,41706
64,64,47146
65,65,1314
65,65,6632
65,65,23774
65,65,29777
65,65,30150
65,65,32459
65,65,37357
66,66,11026
66,66,33478
66,66,39762
66,66,44535
67,67,9927
67,67,15361
67,67,16181
67,67,17281
67,67,37494
67,67,45636
68,68,39517
69,69,8589
69,69,17822
69,69,26873
69,69,30076
69,69,46123
70,70,2053
70,70,3032
70,70,6609
70,70,16696
70,70,18589
70,70,21463
70,70,36069
70,70,41617
70,70,49128
71,71,8145
71,71,16502
71,71,21712
71,71,26096
71,71,46345
72,72,19449
72,72,24342
72,72,26129
73,73,1747
73,73,21463
74,74,2573
74,74,17711
74,74,49182
75,75,24448
75,75,46393
75,75,49271
76,76,16360
76,76,27525
76,76,29423
76,76,30424
76,76,32743
76,76,47486
77,77,11997
77,77,22848
77,77,42910
77,77,43311
78,78,5750
78,78,11955
78,78,26933
78,78,31631
78,78,35764
79,79,2360
79,79,24627
79,79,25870
79,79,36765
79,79,38594
79,79,44550
80,80,4357
80,80,8021
80,80,8277
80,80,28815
80,80,31196
80,80,33206
81,81,15404
81,81,19504
81,81,22987
81,81,26890
82,82,22317
82,82,38069
82,82,39926
83,83,1747
83,83,41713
84,84,5670
84,84,25962
84,84,34196
84,84,36408
84,84,37870
85,85,23709
85,85,29141
86,86,13961
86,86,31639
86,86,41311
86,86,41635
86,86,44517
87,87,10419
87,87,12166
87,87,13325
87,87,23178
87,87,36372
87,87,49690
87,87,49757
88,88,16455
88,88,24358
88,88,29423
88,88,29973
88,88,37977
88,88,47486
89,89,14853
89,89,20067
89,89,22885
89,89,24642
89,89,32939
89,89,34103
89,89,36253
89,89,38742
89,89,38863
89,89,39423
89,89,47945
90,90,10633
90,90,10755
90,90,13290
90,90,14672
90,90,23255
90,90,26300
90,90,32298
90,90,33812
91,91,7951
91,91,35829
91,91,40299
91,91,43479
91,91,46354
91,91,46470
92,92,5991
92,92,26252
92,92,36601
92,92,39300
92,92,42424
92,92,49447
93,93,8169
93,93,12905
93,93,19449
93,93,22848
93,93,26129
93,93,29423
93,93,32743
93,93,35768
93,93,46996
93,93,47486
94,94,5750
94,94,11955
94,94,29423
94,94,32743
94,94,35764
94,94,37238
94,94,47486
95,95,17849
95,95,23064
95,95,28868
95,95,34706
95,95,35437
95,95,36021
95,95,37732
95,95,46041
95,95,49519
96,96,11879
96,96,34040
96,96,39433
97,97,24642
97,97,34103
97,97,38742
97,97,38863
97,97,39423
97,97,47945
98,98,35829
98,98,43479
99,99,4558
99,99,5486
99,99,12684
99,99,19081
99,99,19469
99,99,22185
99,99,37163
99,99,42161
99,99,48307
100,100,11026
100,100,15876
100,100,33478
100,100,39762
100,100,40187
100,100,44135
100,100,44768
101,101,13066
101,101,15404
101,101,19504
101,101,22987
101,101,26890
101,101,39808
102,102,1849
102,102,18344
102,102,40696
102,102,46188
102,102,48945
103,103,5518
103,103,15424
103,103,28233
103,103,36494
103,103,40370
104,104,12819
104,104,17373
104,104,23311
104,104,37080
104,104,39340
104,104,39517
104,104,41713
104,104,48749
105,105,7281
105,105,31889
105,105,41056
105,105,48071
105,105,48556
106,106,4308
106,106,6632
106,106,14460
106,106,31196
106,106,38196
107,107,7138
107,107,9681
107,107,49619
108,108,15351
108,108,37875
108,108,44886
108,108,45142
108,108,47146
109,109,5271
109,109,14019
109,109,14700
109,109,20342
109,109,26088
109,109,26417
109,109,28194
110,110,10886
110,110,23168
110,110,24642
110,110,31889
110,110,34103
110,110,38742
110,110,38863
110,110,39423
110,110,44410
110,110,47945
110,110,48071
110,110,48556
111,111,628
111,111,4308
111,111,14460
111,111,21345
111,111,28258
111,111,29060
111,111,33555
111,111,38196
111,111,47954
112,112,8169
112,112,11362
112,112,12166
112,112,12905
112,112,22848
112,112,35768
112,112,36372
113,113,10509
114,114,1072
114,114,4363
114,114,5754
114,114,31910
114,114,32371
114,114,41213
114,114,43389
114,114,46013
115,115,22464
115,115,28670
115,115,44364
116,116,780
116,116,21027
116,116,30919
116,116,31133
116,116,41145
116,116,45388
117,117,30938
117,117,44490
117,117,48542
118,118,8169
118,118,12905
118,118,22848
118,118,35768
119,119,90
119,119,11719
119,119,26091
119,119,45979
120,120,3249
120,120,3511
120,120,10763
120,120,15145
121,121,12886
122,122,2573
122,122,5036
122,122,9685
122,122,15692
122,122,26524
122,122,36203
122,122,36372
122,122,37407
123,123,24642
123,123,28868
123,123,34103
123,123,34706
123,123,38742
123,123,38863
123,123,39423
123,123,47945
124,124,11820
124,124,12448
124,124,15706
124,124,31967
124,124,37539
124,124,38724
124,124,42085
124,124,43062
125,125,4363
125,125,20832
125,125,48933
126,126,2091
126,126,4589
126,126,26064
126,126,34040
126,126,34219
126,126,34393
126,126,40430
127,127,3415
127,127,19229
127,127,20843
127,127,35437
127,127,36021
127,127,46041
127,127,49519
128,128,2360
128,128,24627
128,128,25870
128,128,36765
128,128,38594
128,128,44550
129,129,5522
129,129,13178
129,129,15091
129,129,16801
130,130,16418
130,130,18221
130,130,21112
130,130,44994
131,131,14130
131,131,18754
131,131,23916
132,132,1747
132,132,2181
132,132,16897
132,132,20160
132,132,23637
132,132,38786
132,132,39547
132,132,42816
133,133,9927
133,133,16181
133,133,17281
133,133,33502
133,133,45636
134,134,17373
134,134,24448
134,134,39340
134,134,41713
134,134,49271
135,135,1747
135,135,38881
136,136,22580
136,136,23064
136,136,31903
136,136,40179
136,136,41724
136,136,44309
137,137,5991
137,137,8614
137,137,42341
137,137,42424
137,137,45120
137,137,45388
138,138,3180
138,138,21989
138,138,22537
138,138,23661
138,138,28791
138,138,49301
139,139,5518
139,139,22479
139,139,23807
139,139,33814
140,140,1747
140,140,2573
140,140,11039
140,140,17711
140,140,44247
140,140,46924
140,140,49182
141,141,5316
141,141,11931
141,141,27406
142,142,5027
142,142,10000
142,142,20695
143,143,2091
143,143,4308
143,143,4589
143,143,14460
143,143,34040
143,143,38196
143,143,40430
143,143,41861
144,144,1664
144,144,7138
144,144,8589
144,144,49619
145,145,1275
145,145,25702
145,145,25884
145,145,39134
146,146,4558
146,146,5486
146,146,12684
146,146,22185
146,146,37163
146,146,48307
147,147,3249
147,147,3628
147,147,9449
147,147,16791
147,147,22469
147,147,33053
147,147,36381
147,147,41806
147,147,44273
148,148,19326
148,148,30722
148,148,31618
148,148,41649
149,149,5750
149,149,20346
149,149,35516
149,149,38742
149,149,40319
149,149,42085
149,149,49757
150,150,5976
150,150,7480
150,150,15916
150,150,16502
150,150,18184
150,150,26096
150,150,39362
151,151,22226
151,151,47520
152,152,4116
152,152,6585
152,152,12303
152,152,30697
153,153,2573
153,153,16665
153,153,17711
153,153,23903
153,153,29910
153,153,39181
153,153,46924
153,153,49182
153,153,49291
154,154,17757
154,154,31489
154,154,32712
154,154,49588
155,155,1414
155,155,2873
155,155,6943
155,155,8277
155,155,11245
155,155,16141
155,155,17757
155,155,19215
155,155,22134
155,155,22317
155,155,31489
155,155,33206
155,155,41783
155,155,49588
156,156,10817
156,156,40488
156,156,42735
156,156,48752
157,157,16455
157,157,24358
157,157,27218
157,157,29423
157,157,29973
157,157,33713
157,157,37977
157,157,38594
157,157,45724
157,157,47486
158,158,4468
158,158,23311
158,158,24756
158,158,27415
158,158,37716
158,158,39517
158,158,48749
159,159,17868
159,159,23709
159,159,29141
160,160,11820
160,160,15706
160,160,38724
160,160,42085
161,161,16502
161,161,26096
162,162,1256
162,162,1755
162,162,9748
162,162,11820
162,162,15706
162,162,15915
162,162,16669
162,162,17766
162,162,23258
162,162,38724
162,162,42085
163,163,6686
163,163,20500
163,163,37632
163,163,38594
163,163,48933
164,164,17757
164,164,27218
164,164,31489
164,164,32712
164,164,33713
164,164,45724
164,164,49588
165,165,4363
165,165,13671
165,165,17868
165,165,20832
165,165,23706
165,165,26096
165,165,31775
165,165,34196
165,165,38698
165,165,41261
166,166,24642
166,166,34103
166,166,38742
166,166,38863
166,166,39423
166,166,47945
167,167,3667
167,167,3755
167,167,10350
167,167,22226
167,167,47520
168,168,1849
168,168,18344
168,168,40696
168,168,46188
168,168,48945
169,169,4589
169,169,21998
169,169,28591
169,169,47664
170,170,1232
170,170,12335
170,170,28636
171,171,3249
171,171,3628
171,171,22469
171,171,32743
171,171,36381
171,171,41806
171,171,47486
172,172,4030
172,172,6448
172,172,12364
172,172,19977
172,172,23803
172,172,34046
172,172,38662
172,172,44936
173,173,1685
173,173,4308
173,173,14460
173,173,38196
174,174,1747
174,174,3297
174,174,4716
174,174,11026
174,174,33478
174,174,39762
174,174,39919
174,174,42735
174,174,43955
174,174,44535
174,174,48752
175,175,492
175,175,9685
175,175,15692
175,175,37407
176,176,4357
176,176,8021
176,176,19469
176,176,28815
176,176,42161
177,177,5991
177,177,26252
177,177,36601
177,177,39300
177,177,42424
177,177,49447
178,178,7257
178,178,25702
179,179,492
179,179,25748
179,179,33690
179,179,34706
179,179,39990
179,179,49471
180,180,1381
180,180,12886
180,180,32298
181,181,5770
181,181,16428
181,181,26524
181,181,32950
181,181,40163
182,182,1412
182,182,2573
182,182,3357
182,182,5193
182,182,15486
182,182,19200
182,182,37752
182,182,44135
182,182,48493
182,182,49966
183,183,5965
183,183,18159
183,183,22934
183,183,30697
183,183,31348
183,183,34381
183,183,46157
184,184,90
184,184,4917
184,184,11719
184,184,21224
184,184,26091
184,184,45979
185,185,46823
185,185,49690
185,185,49757
186,186,2573
186,186,5036
186,186,36203
186,186,36372
187,187,1133
187,187,1216
187,187,3488
187,187,17733
187,187,22423
187,187,26282
187,187,27673
187,187,36367
188,188,1256
188,188,4363
188,188,17766
188,188,20832
188,188,23258
188,188,28946
188,188,38868
188,188,47954
189,189,3179
189,189,3880
189,189,16502
189,189,26096
189,189,28604
189,189,37157
190,190,5670
190,190,10895
190,190,15349
190,190,23033
190,190,37870
191,191,7951
191,191,14467
191,191,28868
191,191,29777
191,191,34706
191,191,39592
192,192,29423
192,192,32743
192,192,47486
193,193,25382
193,193,35012
193,193,41649
194,194,4589
194,194,21998
194,194,28591
194,194,37716
194,194,47664
195,195,5316
195,195,11931
195,195,27406
196,196,1318
196,196,28919
197,197,4561
197,197,29423
197,197,29820
197,197,32743
197,197,36021
197,197,40042
197,197,47486
198,198,11820
198,198,15706
198,198,38724
198,198,42085
199,199,6131
199,199,7016
199,199,12564
199,199,22580
199,199,25561
199,199,28868
199,199,32097
200,200,10419
200,200,17053
200,200,26965
200,200,30122
200,200,35660
200,200,38082
200,200,49690
200,200,49757
201,201,5914
201,201,23459
201,201,30831
201,201,34196
201,201,36408
201,201,36499
202,202,5518
202,202,5770
202,202,17044
202,202,22479
202,202,23807
202,202,26524
202,202,33814
202,202,33904
202,202,38694
202,202,49821
203,203,6609
203,203,7539
203,203,8669
203,203,12621
203,203,16696
203,203,21463
203,203,28473
203,203,35057
203,203,36069
204,204,2790
204,204,12812
204,204,14672
204,204,26300
204,204,30128
204,204,32298
205,205,5991
205,205,26252
205,205,28815
205,205,33436
205,205,36601
205,205,39300
205,205,42304
205,205,42424
205,205,49447
206,206,21989
206,206,23661
206,206,39399
206,206,49301
207,207,27218
207,207,31896
207,207,36766
207,207,39149
207,207,39842
207,207,41725
207,207,43369
207,207,43515
208,208,10509
208,208,30938
208,208,42735
208,208,44490
208,208,48542
208,208,48752
209,209,5991
209,209,23105
209,209,26252
209,209,36601
209,209,38698
209,209,39300
209,209,42424
209,209,48556
209,209,49447
210,210,7951
210,210,40299
210,210,46354
210,210,46470
211,211,16360
211,211,27525
211,211,30424
212,212,18726
212,212,19663
212,212,37174
212,212,38708
212,212,38742
212,212,38979
212,212,43005
213,213,5027
213,213,10000
213,213,12819
213,213,20695
213,213,37080
214,214,2790
214,214,5991
214,214,12812
214,214,26252
214,214,28815
214,214,36601
214,214,39300
214,214,39926
214,214,42424
215,215,492
215,215,9685
215,215,15692
215,215,26524
215,215,37407
216,216,6686
216,216,48933
217,217,11820
217,217,15706
217,217,25964
217,217,38724
217,217,41127
217,217,42085
218,218,3755
218,218,12705
218,218,22967
218,218,26736
218,218,39210
218,218,43236
218,218,44866
218,218,48607
219,219,20500
219,219,26064
219,219,34219
219,219,34393
219,219,37632
219,219,45120
219,219,45388
220,220,14672
220,220,17868
220,220,23706
220,220,26300
220,220,31775
220,220,32298
221,221,11026
221,221,33478
221,221,39762
222,222,12950
222,222,13265
222,222,17849
222,222,22423
222,222,23064
222,222,23178
222,222,27973
222,222,30536
222,222,37732
222,222,41725
222,222,43369
222,222,43515
223,223,6258
223,223,8169
223,223,12905
223,223,14672
223,223,22848
223,223,35768
223,223,46998
224,224,4791
224,224,11351
224,224,28688
224,224,32187
224,224,42904
225,225,5518
225,225,22479
225,225,23807
225,225,33814
226,226,3880
226,226,35449
226,226,38841
226,226,40003
226,226,42492
226,226,42918
226,226,44994
227,227,17373
227,227,39340
227,227,41713
228,228,11820
228,228,19449
228,228,24342
228,228,26129
228,228,38724
228,228,42085
228,228,46996
229,229,4357
229,229,28815
230,230,336
230,230,38881
230,230,44111
231,231,8169
231,231,12905
231,231,22848
231,231,35768
232,232,4909
232,232,28815
232,232,35212
232,232,49791
233,233,10886
233,233,10889
233,233,13340
233,233,21554
233,233,21679
233,233,34426
233,233,38290
233,233,39547
234,234,22948
234,234,28868
234,234,34706
235,235,15349
235,235,42763
235,235,49366
236,236,6686
236,236,10419
236,236,20832
236,236,23168
236,236,26965
236,236,27973
236,236,44410
236,236,48933
236,236,49690
236,236,49757
237,237,6048
237,237,11359
237,237,22159
237,237,23105
237,237,38698
237,237,40239
237,237,43308
237,237,48556
238,238,27218
238,238,38594
238,238,39149
239,239,6551
239,239,10060
239,239,23782
239,239,24293
239,239,34651
239,239,47484
240,240,6048
240,240,11359
240,240,22159
240,240,40239
240,240,43308
241,241,4558
241,241,8695
241,241,22537
241,241,30804
241,241,39847
241,241,41552
242,242,5976
242,242,8259
242,242,27299
242,242,44490
242,242,48542
243,243,3796
243,243,16989
243,243,18900
243,243,32654
243,243,40319
243,243,42085
243,243,43955
244,244,5770
244,244,8695
244,244,26524
244,244,29961
245,245,5518
245,245,11997
245,245,28233
245,245,40370
246,246,6609
246,246,11362
246,246,12166
246,246,16696
246,246,21463
246,246,36069
246,246,36372
247,247,11275
247,247,15080
247,247,31070
247,247,38777
247,247,47436
248,248,4909
248,248,28815
248,248,34064
248,248,35212
248,248,49791
249,249,9430
249,249,11600
249,249,15876
249,249,40187
249,249,44135
249,249,44768
250,250,16455
250,250,24358
250,250,29423
250,250,37977
250,250,47486
251,251,375
251,251,14642
251,251,16198
251,251,22948
251,251,32583
251,251,40601
251,251,46983
251,251,47885
252,252,11039
252,252,38594
252,252,44247
253,253,23473
253,253,28868
253,253,34706
253,253,43955
254,254,22317
254,254,23916
254,254,26247
254,254,36526
254,254,38456
254,254,41335
254,254,49821
255,255,3179
255,255,10038
255,255,27384
255,255,28604
255,255,38004
255,255,49546
256,256,24642
256,256,34103
256,256,38742
256,256,38863
256,256,39423
256,256,47945
257,257,46823
257,257,49690
257,257,49757
258,258,10000
258,258,18594
258,258,20695
258,258,26078
259,259,11543
259,259,22193
259,259,36021
259,259,47993
260,260,23105
260,260,23168
260,260,38698
260,260,44410
260,260,48556
261,261,7016
261,261,25561
261,261,31874
261,261,32097
261,261,48752
262,262,16696
262,262,21463
262,262,36069
263,263,2912
263,263,5770
263,263,9299
263,263,15915
263,263,26524
263,263,35104
264,264,6131
264,264,12564
265,265,16455
265,265,24358
265,265,29423
265,265,29973
265,265,37977
265,265,47486
266,266,10633
266,266,12335
266,266,13290
266,266,18584
266,266,21203
266,266,32661
266,266,46013
267,267,7016
267,267,18584
267,267,22580
267,267,25561
267,267,32097
267,267,46013
268,268,25962
268,268,30804
268,268,41552
268,268,46960
269,269,651
269,269,2748
269,269,23161
269,269,45032
269,269,48203
270,270,10299
270,270,19074
270,270,31874
270,270,33908
270,270,48752
271,271,22644
272,272,4589
272,272,21998
272,272,28591
272,272,34196
272,272,36408
272,272,47664
273,273,1253
273,273,23314
273,273,30404
274,274,7016
274,274,22580
274,274,23311
274,274,25561
274,274,32097
274,274,39517
274,274,48749
275,275,4308
275,275,14460
275,275,38196
276,276,11543
276,276,16360
276,276,18248
276,276,22193
276,276,36021
276,276,47993
277,277,1216
277,277,3488
277,277,17733
277,277,36367
278,278,15424
278,278,36494
279,279,9067
279,279,23717
280,280,10038
280,280,27384
280,280,38004
280,280,49546
281,281,1186
281,281,4468
281,281,6396
281,281,8764
281,281,18018
281,281,24756
281,281,27415
281,281,37716
282,282,11401
282,282,20583
282,282,28868
282,282,34706
282,282,40988
283,283,7016
283,283,22580
283,283,25561
283,283,32097
284,284,1747
284,284,11039
284,284,38594
284,284,44247
285,285,1685
285,285,13126
285,285,29608
285,285,33510
286,286,5027
286,286,10000
286,286,20695
286,286,31639
286,286,44517
286,286,46013
287,287,8021
287,287,28815
287,287,35437
287,287,36021
287,287,46041
287,287,49519
288,288,5283
288,288,40890
288,288,48556
289,289,6212
289,289,8169
289,289,12905
289,289,12950
289,289,13265
289,289,15307
289,289,22848
289,289,23178
289,289,30536
289,289,32484
289,289,35768
290,290,780
290,290,15349
290,290,26736
290,290,41861
290,290,42763
290,290,45120
290,290,45388
290,290,49366
291,291,1133
291,291,22423
291,291,26282
292,292,4357
292,292,8021
292,292,21554
292,292,21679
292,292,28815
292,292,28946
292,292,38868
292,292,39547
292,292,47954
293,293,3628
293,293,22469
293,293,36381
293,293,41806
294,294,4589
294,294,21998
294,294,28591
294,294,47664
295,295,6686
295,295,14672
295,295,26300
295,295,32298
295,295,48933
296,296,27218
296,296,39149
297,297,5991
297,297,7669
297,297,37777
297,297,41649
297,297,42341
297,297,42424
297,297,49821
298,298,11362
298,298,12166
298,298,36526
298,298,44862
299,299,9927
299,299,14700
299,299,16181
299,299,17281
299,299,26088
299,299,37494
299,299,45636
300,300,11026
300,300,15486
300,300,22461
300,300,26064
300,300,33478
300,300,38054
300,300,39762
300,300,44535
300,300,47847
301,301,13325
301,301,30804
301,301,41552
302,302,21554
302,302,42735
302,302,48752
303,303,16498
303,303,19351
303,303,22423
303,303,22644
303,303,28512
303,303,42106
304,304,5339
304,304,16428
304,304,22644
304,304,32950
304,304,40163
305,305,2676
305,305,15876
305,305,22562
305,305,40187
305,305,44135
305,305,44768
306,306,5750
306,306,20346
306,306,25382
306,306,35012
307,307,5298
307,307,11992
307,307,28258
307,307,33555
307,307,44309
307,307,47954
308,308,14853
308,308,20067
308,308,22885
308,308,32939
308,308,36253
309,309,4597
309,309,10817
309,309,23807
309,309,32252
309,309,34347
309,309,41635
310,310,375
310,310,4589
310,310,6609
310,310,16696
310,310,21463
310,310,21998
310,310,28591
310,310,36069
310,310,46983
310,310,47664
311,311,17757
311,311,31889
311,311,32712
311,311,48071
311,311,49588
312,312,94
312,312,2051
312,312,2382
312,312,2573
312,312,13518
312,312,16360
312,312,18248
312,312,18775
312,312,25771
312,312,32367
312,312,37442
312,312,39733
313,313,26252
313,313,36601
313,313,39300
313,313,49447
314,314,7016
314,314,22580
314,314,25561
314,314,32097
315,315,1849
315,315,4357
315,315,18344
315,315,28815
315,315,40696
315,315,46188
315,315,48945
316,316,13325
316,316,21595
316,316,30908
316,316,35155
316,316,38694
317,317,3755
317,317,24756
317,317,27415
317,317,37716
317,317,43329
318,318,16455
318,318,24358
318,318,29423
318,318,29973
318,318,37977
318,318,47486
319,319,4030
319,319,4363
319,319,6448
319,319,12364
319,319,20832
319,319,24955
319,319,38662
319,319,44936
320,320,2382
320,320,2573
320,320,18775
320,320,28604
320,320,32367
320,320,39733
321,321,5991
321,321,15915
321,321,42341
321,321,42424
322,322,5316
322,322,5518
322,322,11039
322,322,11289
322,322,28233
322,322,38594
322,322,40370
323,323,2573
323,323,5036
323,323,8695
323,323,36203
323,323,36372
323,323,39847
324,324,4357
324,324,8021
324,324,16665
324,324,23903
324,324,28815
324,324,29910
324,324,49291
325,325,3572
325,325,30712
325,325,40961
325,325,41649
326,326,5991
326,326,18726
326,326,26252
326,326,36601
326,326,38742
326,326,39300
326,326,42424
326,326,43005
326,326,49447
327,327,2573
327,327,6131
327,327,8021
327,327,11362
327,327,12166
327,327,12564
327,327,15045
327,327,19659
327,327,36372
327,327,49966
328,328,4363
328,328,20832
328,328,31889
328,328,48071
328,328,48556
328,328,49821
329,329,1253
329,329,7016
329,329,22580
329,329,23314
329,329,25561
329,329,30404
329,329,32097
330,330,20500
330,330,37632
331,331,11600
332,332,4468
332,332,5750
332,332,11955
332,332,24756
332,332,27415
332,332,37716
333,333,4676
333,333,24927
333,333,31992
333,333,36526
333,333,38456
333,333,41335
333,333,44862
333,333,49821
334,334,5339
334,334,10633
334,334,13290
334,334,13671
334,334,22644
334,334,34196
335,335,17757
335,335,18875
335,335,31489
335,335,32712
335,335,39399
335,335,41099
335,335,49588
336,336,1072
336,336,8021
336,336,28815
336,336,31196
336,336,32371
336,336,41261
337,337,4561
337,337,29820
337,337,36021
337,337,40042
338,338,11362
338,338,12166
338,338,36372
339,339,1216
339,339,36367
340,340,5750
340,340,11955
340,340,35764
341,341,10817
341,341,15734
341,341,31439
341,341,32252
341,341,39461
341,341,43536
342,342,2360
342,342,24627
342,342,25870
342,342,36765
342,342,38594
342,342,44550
343,343,4848
343,343,12702
343,343,15938
343,343,30104
343,343,39545
343,343,42982
343,343,45515
344,344,11362
344,344,11997
344,344,12166
344,344,35449
344,344,36372
344,344,42492
345,345,15349
345,345,22967
345,345,26736
345,345,42763
345,345,43236
345,345,48607
345,345,49366
346,346,375
346,346,38935
346,346,40609
346,346,44862
346,346,46983
347,347,16198
347,347,32583
347,347,40601
347,347,47885
348,348,28946
348,348,38868
348,348,42763
348,348,44517
348,348,47954
349,349,1275
349,349,7257
349,349,25702
349,349,39847
349,349,49821
350,350,16198
350,350,32583
350,350,40601
350,350,47885
351,351,1755
351,351,9748
351,351,16669
352,352,22580
352,352,23064
352,352,32034
352,352,32799
352,352,37714
352,352,44309
352,352,46470
353,353,34105
354,354,1216
354,354,3488
354,354,3880
354,354,17733
354,354,31903
354,354,35449
354,354,36367
354,354,40179
354,354,41724
354,354,42492
354,354,46013
355,355,3179
355,355,12448
355,355,15915
355,355,16198
355,355,28604
355,355,32583
355,355,37539
355,355,47885
356,356,5976
356,356,7480
356,356,39362
357,357,628
357,357,13325
357,357,15307
357,357,21345
357,357,29060
357,357,32484
358,358,1318
358,358,6258
358,358,14672
358,358,28919
358,358,32298
358,358,46998
359,359,10817
359,359,31903
359,359,32252
359,359,40179
359,359,41724
360,360,5027
360,360,10000
360,360,16791
360,360,20695
360,360,20977
360,360,33717
360,360,46527
361,361,11820
361,361,13126
361,361,15706
361,361,29608
361,361,33510
361,361,38724
361,361,42085
362,362,3249
362,362,3628
362,362,22469
362,362,23434
362,362,36381
362,362,41806
363,363,2360
363,363,4917
363,363,9449
363,363,21224
363,363,24627
363,363,25870
363,363,36765
363,363,38594
363,363,44273
363,363,44550
364,364,7016
364,364,22580
364,364,25561
364,364,32097
365,365,17757
365,365,31489
365,365,32712
365,365,49588
366,366,5531
366,366,6154
366,366,30605
367,367,39181
367,367,46924
367,367,49182
368,368,492
368,368,9685
368,368,15692
368,368,26524
368,368,37407
369,369,15486
369,369,22461
369,369,26064
369,369,38054
369,369,47847
370,370,4357
370,370,5991
370,370,8021
370,370,26252
370,370,27973
370,370,28815
370,370,36601
370,370,39300
370,370,42424
370,370,49447
371,371,4909
371,371,28868
371,371,34064
371,371,34706
371,371,35212
371,371,49791
372,372,1685
372,372,29608
372,372,31618
372,372,31967
372,372,43062
372,372,48556
372,372,49821
373,373,15734
373,373,29423
373,373,31439
373,373,34799
373,373,43536
373,373,47486
374,374,1381
374,374,22848
374,374,42910
374,374,43311
375,375,7016
375,375,22580
375,375,25561
375,375,32097
376,376,21463
376,376,36069
377,377,7565
377,377,11275
377,377,15080
377,377,18184
377,377,31070
377,377,38777
377,377,47436
378,378,17373
378,378,39340
378,378,41713
379,379,18474
379,379,42424
380,380,2573
380,380,17711
380,380,39181
380,380,43955
380,380,46924
380,380,49182
381,381,4363
381,381,4589
381,381,11997
381,381,20832
381,381,21998
381,381,28591
382,382,9709
382,382,10000
382,382,35829
382,382,43479
383,383,5271
383,383,14019
383,383,20342
383,383,26417
384,384,4375
384,384,6131
384,384,12564
384,384,19779
384,384,21380
385,385,29423
385,385,32743
385,385,47486
386,386,3838
386,386,4308
386,386,5991
386,386,8614
386,386,14460
386,386,19868
386,386,20068
386,386,30890
386,386,38196
386,386,42341
386,386,42424
386,386,46925
387,387,16198
387,387,32583
387,387,40601
387,387,47885
388,388,11362
388,388,12166
388,388,36372
389,389,7016
389,389,22580
389,389,25561
390,390,8145
390,390,16502
390,390,21712
390,390,26096
390,390,41828
390,390,46345
391,391,3139
391,391,10350
391,391,22226
391,391,28371
391,391,35400
391,391,47520
392,392,4308
392,392,8277
392,392,14460
392,392,33206
392,392,38196
393,393,15349
393,393,30804
393,393,30938
393,393,41552
393,393,42763
393,393,44490
393,393,48542
393,393,49366
394,394,2124
394,394,17785
394,394,24642
394,394,26933
394,394,34103
394,394,38742
394,394,38863
394,394,39423
394,394,47945
395,395,4357
395,395,4917
395,395,5361
395,395,8277
395,395,21224
395,395,27435
395,395,33206
395,395,37073
396,396,4324
396,396,4510
396,396,20388
396,396,26137
396,396,38027
396,396,44567
396,396,47103
397,397,5991
397,397,8614
397,397,28868
397,397,34706
397,397,36499
397,397,42341
397,397,42424
398,398,5481
398,398,10817
398,398,18395
398,398,18856
398,398,32252
398,398,36856
398,398,39461
398,398,48480
399,399,8169
399,399,12905
399,399,22848
400,400,1318
400,400,28919
401,401,23178
401,401,30938
401,401,37275
401,401,44490
401,401,48542
402,402,4308
402,402,14460
402,402,27973
402,402,38196
402,402,49690
402,402,49757
403,403,1849
403,403,18344
403,403,40696
403,403,46188
403,403,48945
404,404,14130
404,404,18754
404,404,23916
405,405,4468
405,405,6059
405,405,17373
405,405,24756
405,405,27415
405,405,37716
405,405,39272
405,405,39340
405,405,41713
406,406,3554
406,406,5027
406,406,7565
406,406,10000
406,406,11275
406,406,12757
406,406,15080
406,406,20695
406,406,31070
406,406,38777
406,406,47436
407,407,49271
407,407,49366
408,408,8169
408,408,11578
408,408,12479
408,408,12905
408,408,22848
408,408,35768
408,408,40345
409,409,24642
409,409,34103
409,409,38742
409,409,38863
409,409,39423
409,409,47945
410,410,28618
410,410,42286
410,410,45410
410,410,49519
411,411,21984
411,411,30173
411,411,31549
411,411,33478
411,411,40390
412,412,11362
412,412,11543
412,412,12166
412,412,22193
412,412,30122
412,412,36021
412,412,36372
412,412,38082
412,412,47993
413,413,13066
413,413,16696
413,413,19449
413,413,22967
413,413,24342
413,413,26129
413,413,26736
413,413,35073
413,413,36069
413,413,39808
413,413,41635
413,413,43236
413,413,46996
413,413,48607
414,414,11543
414,414,22193
414,414,26933
414,414,31631
414,414,36021
414,414,47692
414,414,47993
415,415,1216
415,415,3488
415,415,17733
416,416,38841
416,416,42918
417,417,628
417,417,2708
417,417,17422
418,418,2532
418,418,13329
418,418,22776
418,418,32916
418,418,43964
418,418,47945
419,419,2573
419,419,41828
419,419,46393
419,419,49966
420,420,1318
420,420,10038
420,420,21970
420,420,27384
420,420,28919
420,420,38004
421,421,6609
421,421,7259
421,421,11877
421,421,16696
421,421,21463
421,421,36069
422,422,3755
422,422,4375
422,422,19779
422,422,21380
422,422,41649
422,422,43329
422,422,45954
423,423,1296
423,423,9398
423,423,10886
423,423,48704
424,424,7951
424,424,40299
424,424,46354
424,424,46470
425,425,18594
425,425,22259
425,425,33247
425,425,44102
426,426,3180
426,426,22967
426,426,26736
426,426,28791
426,426,43236
426,426,48607
427,427,11931
427,427,42560
428,428,15734
428,428,31439
428,428,43536
429,429,5670
429,429,6131
429,429,11026
429,429,12564
429,429,23033
429,429,23311
429,429,33478
429,429,37870
429,429,39517
429,429,39762
429,429,44535
430,430,15915
431,431,22934
431,431,34381
431,431,41828
431,431,46157
431,431,46393
432,432,10419
432,432,26965
432,432,49690
432,432,49757
433,433,2573
433,433,4357
433,433,4791
433,433,5339
433,433,8021
433,433,11351
433,433,17711
433,433,28688
433,433,28815
433,433,42904
433,433,46924
433,433,49182
434,434,10419
434,434,11820
434,434,15706
434,434,20500
434,434,26965
434,434,38724
434,434,41056
434,434,42085
434,434,49690
434,434,49757
435,435,10817
435,435,26933
435,435,31631
435,435,32252
435,435,39461
435,435,47692
436,436,6048
436,436,11359
436,436,22159
436,436,40239
436,436,43308
437,437,4375
437,437,7669
437,437,19779
437,437,21380
437,437,25389
437,437,31196
437,437,45954
438,438,90
438,438,2573
438,438,11719
438,438,26091
438,438,45979
438,438,49966
439,439,20160
439,439,33431
439,439,47176
440,440,653
440,440,9589
440,440,11135
440,440,12673
440,440,32262
440,440,35604
441,441,1849
441,441,11997
441,441,18344
441,441,40696
441,441,46188
441,441,48945
442,442,1187
442,442,15404
442,442,19504
442,442,22987
442,442,26890
442,442,40247
443,443,2053
443,443,7669
443,443,18589
443,443,23787
443,443,27218
443,443,39149
443,443,41617
443,443,41649
443,443,49128
444,444,12886
444,444,15915
444,444,18492
444,444,32298
445,445,15349
445,445,34196
445,445,36408
445,445,49366
446,446,16498
446,446,22423
446,446,28512
447,447,1849
447,447,18344
447,447,40696
447,447,46188
447,447,48945
448,448,6686
448,448,13671
448,448,23434
448,448,48933
448,448,49837
449,449,5518
449,449,22479
449,449,23807
449,449,33814
450,450,7539
450,450,8669
450,450,12621
450,450,28473
450,450,35057
451,451,6609
451,451,16696
451,451,18474
451,451,21463
451,451,36069
451,451,42424
452,452,492
452,452,9685
452,452,15692
452,452,26524
452,452,37407
453,453,1849
453,453,17757
453,453,18344
453,453,24448
453,453,31489
453,453,32712
453,453,40696
453,453,46188
453,453,48945
453,453,49588
454,454,94
454,454,1551
454,454,2051
454,454,13518
454,454,15494
454,454,25771
454,454,37442
455,455,8589
455,455,30076
455,455,46123
456,456,94
456,456,1551
456,456,2051
456,456,13518
456,456,15494
456,456,25771
456,456,37442
457,457,7951
457,457,23178
457,457,37275
457,457,46470
458,458,6131
458,458,12564
458,458,14642
458,458,22948
459,459,6783
459,459,6972
459,459,10379
459,459,15307
459,459,17044
460,460,20843
460,460,30804
460,460,41552
461,461,4357
461,461,4848
461,461,8021
461,461,12702
461,461,15938
461,461,30104
461,461,30205
461,461,39545
461,461,45515
462,462,11820
462,462,15706
462,462,16791
462,462,33053
462,462,38724
462,462,42085
463,463,4589
463,463,10038
463,463,21998
463,463,27384
463,463,28591
463,463,38004
463,463,47664
463,463,49546
464,464,18875
464,464,32034
464,464,37714
464,464,41099
464,464,41828
464,464,46393
464,464,46470
465,465,5754
465,465,31910
465,465,41213
465,465,43389
466,466,1072
466,466,3554
466,466,4558
466,466,22537
466,466,32371
467,467,4357
467,467,8021
467,467,28815
467,467,37875
467,467,41706
467,467,47146
468,468,15876
468,468,40187
468,468,44135
468,468,44768
469,469,9067
469,469,10755
469,469,14452
469,469,23717
469,469,25580
469,469,36883
469,469,37876
470,470,5283
470,470,8277
470,470,40890
471,471,7951
471,471,40299
471,471,46470
472,472,27435
472,472,30938
472,472,44490
472,472,48542
473,473,15916
473,473,18184
474,474,1216
474,474,3488
474,474,21998
474,474,24448
474,474,28591
474,474,36367
474,474,40488
474,474,42735
474,474,47664
474,474,48752
474,474,49271
475,475,35437
475,475,36021
475,475,46041
475,475,49519
476,476,4308
476,476,14460
476,476,23507
476,476,26081
476,476,33446
476,476,34040
476,476,38196
476,476,40430
477,477,30938
477,477,41056
477,477,44490
477,477,48542
478,478,23161
478,478,45032
478,478,48203
479,479,2573
479,479,9709
479,479,14642
479,479,16418
479,479,17711
479,479,21112
479,479,22948
479,479,39181
479,479,44994
479,479,49182
480,480,4848
480,480,12702
480,480,15938
480,480,30104
480,480,30205
480,480,39545
480,480,42982
480,480,45515
481,481,8169
481,481,10299
481,481,12905
481,481,19074
481,481,22848
481,481,33908
481,481,35768
482,482,2360
482,482,24627
482,482,25870
482,482,35437
482,482,36021
482,482,36765
482,482,38594
482,482,44550
482,482,46041
482,482,46823
482,482,49519
482,482,49690
482,482,49757
483,483,375
483,483,2573
483,483,12886
483,483,32298
483,483,49966
484,484,7669
484,484,15349
484,484,23787
484,484,41649
484,484,42763
484,484,49366
485,485,5339
485,485,22644
485,485,31896
485,485,37238
485,485,41192
486,486,10156
486,486,47165
486,486,48052
486,486,49612
487,487,19663
487,487,38742
487,487,39778
488,488,14700
488,488,25962
488,488,26736
488,488,28194
488,488,46960
488,488,48607
489,489,5770
489,489,26524
489,489,30122
489,489,38082
490,490,24448
490,490,49271
491,491,24642
491,491,38742
491,491,38863
491,491,39423
491,491,47945
492,492,1414
492,492,2873
492,492,6943
492,492,11245
492,492,16141
492,492,19215
492,492,22134
492,492,22317
492,492,41783
493,493,5898
493,493,11039
493,493,38594
493,493,41725
493,493,44247
494,494,31967
494,494,43062
495,495,8169
495,495,12905
495,495,22848
495,495,35768
496,496,3221
496,496,7951
496,496,10116
496,496,36731
496,496,40299
496,496,46354
496,496,46470
496,496,48300
497,497,2360
497,497,24627
497,497,25870
497,497,36765
497,497,38594
497,497,44550
498,498,17868
498,498,23709
498,498,29141
499,499,1849
499,499,5770
499,499,18344
499,499,26524
499,499,31639
499,499,40696
499,499,48945
500,500,16791
500,500,33053
500,500,43659
501,501,1755
501,501,6583
501,501,9748
501,501,16669
501,501,35437
501,501,36021
501,501,49519
502,502,6686
502,502,21984
502,502,30173
502,502,31549
502,502,40390
503,503,4678
503,503,30699
503,503,37407
503,503,48556
504,504,19449
504,504,24342
504,504,26129
504,504,46996
505,505,7016
505,505,17373
505,505,22580
505,505,25561
505,505,32097
505,505,39340
505,505,41713
506,506,4558
506,506,18474
506,506,22580
506,506,32097
506,506,38489
506,506,42424
507,507,4848
507,507,12702
507,507,30104
507,507,30205
507,507,39545
507,507,42982
507,507,45515
508,508,20160
508,508,33431
508,508,47176
509,509,5965
509,509,7951
509,509,18159
509,509,22934
509,509,30697
509,509,31348
509,509,34381
509,509,40299
509,509,46157
509,509,46354
509,509,46470
510,510,16428
510,510,32950
510,510,40163
511,511,1275
511,511,7257
511,511,10369
511,511,25702
511,511,39847
511,511,42316
512,512,5914
512,512,7016
512,512,22580
512,512,23459
512,512,25561
512,512,30831
512,512,32097
513,513,11401
513,513,26096
513,513,40988
514,514,8870
514,514,15307
514,514,23507
514,514,26081
514,514,32484
514,514,33446
515,515,19449
515,515,28815
515,515,46996
516,516,8277
516,516,11543
516,516,22193
516,516,33206
516,516,36021
516,516,47993
517,517,15734
517,517,18900
517,517,31439
517,517,40319
517,517,42085
517,517,43536
518,518,10633
518,518,13290
519,519,6551
519,519,10060
519,519,18900
519,519,23782
519,519,24293
519,519,34651
519,519,40319
519,519,42085
519,519,47484
520,520,375
520,520,46983
521,521,1314
521,521,6632
521,521,23774
521,521,29777
521,521,32459
522,522,14700
522,522,23507
522,522,26081
522,522,26088
522,522,33446
523,523,10633
523,523,13290
523,523,30938
523,523,44490
523,523,48542
524,524,1318
524,524,21970
524,524,23268
524,524,28919
524,524,43955
525,525,4848
525,525,12702
525,525,19449
525,525,24342
525,525,26129
525,525,30104
525,525,39545
525,525,42982
525,525,45515
525,525,46996
526,526,2790
526,526,31874
526,526,39926
527,527,30938
527,527,40319
527,527,42085
527,527,44490
527,527,48542
528,528,2573
528,528,7281
528,528,19326
528,528,31618
528,528,49966
529,529,11039
529,529,11401
529,529,19449
529,529,24342
529,529,26129
529,529,44247
529,529,46996
530,530,4357
530,530,5027
530,530,8021
530,530,10000
530,530,11401
530,530,20695
530,530,28815
530,530,40988
531,531,5991
531,531,8614
531,531,15915
531,531,30122
531,531,38082
531,531,42341
531,531,42424
532,532,7565
532,532,11275
532,532,15080
532,532,31070
532,532,38594
532,532,38777
532,532,47436
533,533,7951
533,533,20497
533,533,26078
533,533,31967
533,533,40299
533,533,43062
533,533,46470
534,534,19504
534,534,31631
534,534,43743
534,534,47692
535,535,4375
535,535,13290
535,535,19449
535,535,19779
535,535,21380
535,535,25389
535,535,45954
536,536,4510
536,536,7281
536,536,29423
536,536,32743
536,536,44567
536,536,47103
536,536,47486
536,536,49690
536,536,49757
537,537,28258
537,537,33555
537,537,47954
538,538,10350
538,538,15916
538,538,18184
538,538,22226
538,538,47520
539,539,1023
539,539,1554
539,539,10817
539,539,29990
539,539,30048
539,539,31196
539,539,32252
539,539,39461
539,539,40144
539,539,46727
540,540,3796
540,540,6686
540,540,16989
540,540,19326
540,540,21224
540,540,31618
540,540,32654
540,540,48933
541,541,4324
541,541,20388
541,541,26137
541,541,38027
542,542,8145
542,542,16502
542,542,21712
542,542,26096
542,542,46345
543,543,10350
543,543,22226
543,543,47520
544,544,5043
544,544,7281
544,544,22226
544,544,23314
544,544,33506
544,544,47520
544,544,47869
545,545,18900
545,545,40319
546,546,17757
546,546,31489
546,546,32712
546,546,49588
547,547,22580
547,547,23064
547,547,44309
548,548,22580
548,548,23064
548,548,26736
548,548,27373
548,548,43036
548,548,44309
548,548,48607
549,549,2382
549,549,6632
549,549,18775
549,549,31196
549,549,31889
549,549,32367
549,549,39733
549,549,48071
549,549,48556
550,550,2360
550,550,4363
550,550,20832
550,550,24627
550,550,25870
550,550,36765
550,550,38594
550,550,44550
551,551,1275
551,551,7257
551,551,8695
551,551,11543
551,551,25702
551,551,36021
551,551,39847
551,551,47993
552,552,1256
552,552,2912
552,552,9299
552,552,15915
552,552,35104
552,552,44943
553,553,15351
553,553,27218
553,553,39149
553,553,44886
553,553,45142
554,554,7565
554,554,11275
554,554,15080
554,554,19449
554,554,31070
554,554,38777
554,554,46996
554,554,47436
555,555,23311
555,555,39517
555,555,48749
556,556,5283
556,556,19449
556,556,34196
556,556,36408
556,556,40890
556,556,46996
557,557,6212
557,557,15307
557,557,32484
557,557,35335
557,557,45450
558,558,780
558,558,5316
558,558,11931
558,558,27406
558,558,45120
558,558,45388
559,559,7016
559,559,12272
559,559,22580
559,559,25561
559,559,32097
559,559,46305
560,560,7610
560,560,19449
560,560,21112
560,560,22474
560,560,32641
561,561,5481
561,561,18395
561,561,18856
561,561,36856
561,561,48480
562,562,3796
562,562,19469
562,562,19504
562,562,22317
562,562,38069
562,562,39926
562,562,41056
562,562,42161
562,562,43743
563,563,375
563,563,9681
563,563,18594
563,563,26078
563,563,30804
563,563,41552
563,563,46983
563,563,49619
564,564,1187
564,564,18594
564,564,22259
564,564,28512
564,564,33247
564,564,44102
565,565,10509
565,565,26933
565,565,31631
565,565,44410
565,565,47692
566,566,38594
567,567,7616
567,567,8277
567,567,30590
567,567,33206
567,567,36809
567,567,47484
568,568,2903
568,568,4116
568,568,6585
568,568,10829
568,568,12303
568,568,30697
569,569,8145
569,569,15045
569,569,16502
569,569,19659
569,569,21712
569,569,26096
569,569,46345
570,570,13671
570,570,17757
570,570,29423
570,570,31489
570,570,32712
570,570,32743
570,570,34196
570,570,49588
571,571,12272
571,571,16791
571,571,33053
571,571,43659
571,571,46305
572,572,15361
572,572,49679
573,573,4468
573,573,5898
573,573,5991
573,573,27415
573,573,29948
573,573,37716
573,573,41725
573,573,42341
573,573,42424
574,574,11955
574,574,35764
575,575,9927
575,575,16181
575,575,17281
575,575,37494
575,575,45636
576,576,7669
576,576,23787
576,576,41649
577,577,1930
577,577,12448
577,577,21595
577,577,22967
577,577,26736
577,577,30908
577,577,35155
577,577,37539
577,577,38694
577,577,43236
577,577,48607
578,578,12448
578,578,18110
578,578,27218
578,578,27973
578,578,37539
578,578,47579
579,579,17849
579,579,23064
579,579,37732
579,579,42316
580,580,1984
580,580,27556
581,581,4308
581,581,8695
581,581,14460
581,581,38196
582,582,5750
582,582,11955
582,582,23517
582,582,25962
582,582,27373
582,582,35764
582,582,41056
582,582,43036
582,582,46960
583,583,1318
583,583,21970
583,583,28919
584,584,90
584,584,11719
584,584,16360
584,584,26091
584,584,27525
584,584,30424
584,584,45979
585,585,16198
585,585,38594
585,585,40601
585,585,44247
585,585,47885
586,586,3297
586,586,4716
586,586,15486
586,586,26064
586,586,38054
586,586,39919
586,586,47847
587,587,3880
587,587,35449
587,587,38594
587,587,42492
588,588,9681
588,588,11820
588,588,15349
588,588,15706
588,588,38724
588,588,42085
588,588,49366
588,588,49619
589,589,21463
589,589,28604
589,589,31967
589,589,43062
590,590,37157
591,591,1849
591,591,18344
591,591,30938
591,591,40696
591,591,44490
591,591,46188
591,591,48542
591,591,48945
592,592,4308
592,592,14460
592,592,38196
593,593,1747
593,593,17373
593,593,24867
593,593,39340
593,593,44466
594,594,10886
594,594,10889
594,594,11992
594,594,34426
594,594,38290
594,594,38594
594,594,44247
595,595,17849
595,595,23064
595,595,37732
596,596,2382
596,596,2573
596,596,18775
596,596,32367
596,596,39733
597,597,17757
597,597,18726
597,597,31489
597,597,32712
597,597,37777
597,597,38742
597,597,38979
597,597,43005
597,597,49420
597,597,49588
598,598,17868
598,598,23706
598,598,26096
598,598,31775
598,598,32950
598,598,40163
599,599,3880
599,599,37157
600,600,11362
600,600,12166
600,600,15734
600,600,31439
600,600,36372
600,600,43536
601,601,4909
601,601,28815
601,601,35212
601,601,38742
601,601,39778
602,602,35437
602,602,46041
602,602,49519
603,603,22537
603,603,23033
603,603,37870
603,603,41552
604,604,11026
604,604,14700
604,604,28868
604,604,33478
604,604,34706
604,604,39762
604,604,44535
605,605,3249
605,605,3628
605,605,22707
605,605,23311
605,605,39517
605,605,39762
605,605,41806
605,605,44535
605,605,48749
606,606,2112
606,606,4375
606,606,18003
606,606,19779
606,606,21272
606,606,21380
606,606,23637
606,606,25389
606,606,28744
606,606,33178
606,606,37632
606,606,39461
606,606,39547
606,606,45954
607,607,8259
607,607,12272
607,607,14921
607,607,27299
607,607,32279
607,607,46305
607,607,47199
608,608,7016
608,608,22580
608,608,25561
608,608,32097
609,609,2903
609,609,4116
609,609,6585
609,609,10829
609,609,12303
609,609,30697
610,610,3755
610,610,23314
610,610,33478
610,610,39762
610,610,41533
610,610,44535
611,611,4308
611,611,7669
611,611,14460
611,611,19449
611,611,23787
611,611,38196
611,611,41649
612,612,1685
612,612,29608
613,613,780
613,613,45120
613,613,45388
614,614,5991
614,614,8614
614,614,42341
614,614,42424
615,615,31896
615,615,36766
615,615,39842
615,615,41192
616,616,23105
616,616,23168
616,616,38698
616,616,44410
616,616,48556
617,617,3249
617,617,3628
617,617,10817
617,617,22469
617,617,32252
617,617,36381
617,617,39461
617,617,41806
618,618,16791
618,618,20977
618,618,23311
618,618,33717
618,618,39517
618,618,46527
618,618,48749
619,619,5991
619,619,8614
619,619,37539
619,619,42341
619,619,42424
620,620,90
620,620,11719
620,620,26091
620,620,45979
621,621,12819
621,621,18474
621,621,37080
621,621,38489
621,621,42424
622,622,15349
622,622,42763
622,622,49366
623,623,4589
623,623,21998
623,623,28591
623,623,47664
624,624,6609
624,624,10419
624,624,16696
624,624,26965
624,624,36069
624,624,49690
624,624,49757
625,625,3415
625,625,9927
625,625,16181
625,625,17281
625,625,19229
625,625,20843
625,625,31196
625,625,37494
625,625,45636
626,626,2181
626,626,16897
626,626,20160
626,626,28815
626,626,33436
626,626,38786
626,626,42304
626,626,42816
627,627,7016
627,627,22580
627,627,25561
627,627,32097
628,628,3755
628,628,7951
628,628,40299
628,628,46354
628,628,46470
629,629,15404
629,629,19504
629,629,22987
629,629,26890
630,630,12819
630,630,16360
630,630,18248
630,630,25382
630,630,35012
630,630,37080
630,630,41649
631,631,1849
631,631,1919
631,631,34614
631,631,39749
631,631,46188
631,631,49821
632,632,19351
632,632,42106
633,633,15486
633,633,22461
633,633,26064
633,633,38054
633,633,47847
634,634,10633
634,634,13290
634,634,27218
634,634,39149
635,635,3554
635,635,12757
635,635,35437
635,635,36021
635,635,46041
635,635,49519
636,636,1314
636,636,6632
636,636,23774
636,636,29777
636,636,32459
637,637,18726
637,637,38742
637,637,38979
637,637,43005
637,637,49420
638,638,39762
639,639,23268
639,639,40299
639,639,46354
639,639,46470
640,640,1930
640,640,6686
640,640,21595
640,640,30908
640,640,35155
640,640,38694
640,640,48933
641,641,3139
641,641,3141
641,641,9118
641,641,11820
641,641,15706
641,641,18259
641,641,23473
641,641,27414
641,641,33984
641,641,38724
641,641,39055
641,641,42085
642,642,2573
642,642,17711
642,642,39181
642,642,46924
642,642,49182
643,643,3572
643,643,40961
643,643,41649
644,644,1133
644,644,22423
644,644,27673
644,644,30919
644,644,31133
644,644,41145
645,645,11820
645,645,15706
645,645,38594
645,645,38724
645,645,42085
646,646,2903
646,646,4116
646,646,6585
646,646,10829
646,646,12303
646,646,30697
647,647,4165
647,647,16181
647,647,17281
647,647,45636
648,648,7016
648,648,22580
648,648,25561
648,648,32097
649,649,3139
649,649,13671
649,649,14921
649,649,27414
649,649,32279
649,649,34196
649,649,39055
650,650,375
650,650,11026
650,650,33478
650,650,39762
650,650,44535
650,650,46983
651,651,7281
651,651,27218
651,651,45724
652,652,1849
652,652,18344
652,652,40696
652,652,46188
652,652,48945
653,653,4357
653,653,8021
653,653,28815
654,654,10886
654,654,10889
654,654,13340
654,654,34426
654,654,38290
654,654,48071
654,654,48556
655,655,1253
655,655,28868
655,655,30404
655,655,34706
656,656,3249
656,656,3628
656,656,5806
656,656,22469
656,656,24412
656,656,24450
656,656,26091
656,656,36381
656,656,36499
656,656,41806
657,657,17373
657,657,39340
657,657,41713
658,658,3249
658,658,3628
658,658,18726
658,658,22469
658,658,36381
658,658,38742
658,658,38979
658,658,41806
658,658,43005
659,659,8169
659,659,12905
659,659,22848
659,659,35768
660,660,2573
660,660,9449
660,660,15915
661,661,3249
661,661,22469
661,661,22707
661,661,41806
662,662,8870
662,662,11931
662,662,15916
662,662,18184
662,662,27406
663,663,10350
663,663,19663
663,663,22226
663,663,35073
663,663,37174
663,663,38708
663,663,47520
664,664,11820
664,664,11955
664,664,15706
664,664,38724
664,664,42085
664,664,42909
665,665,4363
665,665,8695
665,665,11820
665,665,15706
665,665,20832
665,665,38724
665,665,39847
665,665,42085
666,666,16502
666,666,26096
666,666,35829
666,666,43479
667,667,11997
667,667,31889
667,667,48071
668,668,1256
668,668,6266
668,668,9701
669,669,44943
670,670,10755
670,670,14452
670,670,25580
671,671,1216
671,671,3488
671,671,17733
671,671,36367
672,672,1849
672,672,7394
672,672,18344
672,672,34811
672,672,40696
672,672,46188
672,672,48945
673,673,7951
673,673,14467
673,673,29777
673,673,39592
674,674,3221
674,674,3880
674,674,10116
674,674,31889
674,674,36731
674,674,37157
674,674,48071
674,674,48300
674,674,48556
675,675,628
675,675,29060
675,675,41828
675,675,46393
676,676,15404
676,676,19504
676,676,22987
676,676,26890
677,677,4357
677,677,8021
677,677,19663
677,677,20832
677,677,28815
677,677,37174
677,677,38708
678,678,1256
678,678,4308
678,678,14460
678,678,17766
678,678,23258
678,678,38196
679,679,15876
679,679,40187
679,679,44135
679,679,44768
680,680,7257
680,680,35437
680,680,36021
680,680,46041
680,680,49519
681,681,6048
681,681,8277
681,681,11359
681,681,22159
681,681,40221
681,681,40239
681,681,42594
681,681,43308
682,682,6048
682,682,7138
682,682,9681
682,682,11359
682,682,22159
682,682,37080
682,682,43308
682,682,49619
683,683,6632
683,683,18584
683,683,31196
683,683,46013
684,684,26736
684,684,28258
684,684,33555
684,684,47954
685,685,3755
685,685,8695
685,685,29423
685,685,32743
685,685,39847
685,685,43329
686,686,1412
686,686,3357
686,686,5193
686,686,15486
686,686,19200
686,686,37752
686,686,44135
686,686,48493
687,687,3752
687,687,4468
687,687,5522
687,687,13178
687,687,15091
687,687,16801
687,687,27415
687,687,37716
688,688,1187
688,688,5518
688,688,15916
688,688,18184
688,688,22479
688,688,23807
688,688,33814
688,688,40247
689,689,6266
689,689,6583
689,689,9748
689,689,24743
689,689,34799
690,690,1314
690,690,6632
690,690,7616
690,690,23774
690,690,29777
690,690,32459
691,691,3249
691,691,3628
691,691,22469
691,691,22707
691,691,41806
692,692,1412
692,692,3357
692,692,5193
692,692,15486
692,692,18395
692,692,18856
692,692,19200
692,692,31639
692,692,37752
692,692,44135
692,692,44517
692,692,48480
692,692,48493
693,693,31967
693,693,43062
693,693,49690
694,694,16360
694,694,18248
694,694,25962
694,694,46960
694,694,47692
695,695,7616
696,696,35437
696,696,36021
696,696,46041
696,696,49519
697,697,5976
697,697,7480
697,697,12886
697,697,21027
697,697,32298
697,697,39362
698,698,3141
698,698,9118
698,698,18259
698,698,23473
698,698,33984
699,699,3572
699,699,22644
699,699,40961
700,700,11039
700,700,38594
700,700,41828
700,700,44247
700,700,46393
700,700,49366
701,701,3415
701,701,5027
701,701,10000
701,701,13576
701,701,19229
701,701,19663
701,701,20695
701,701,20843
701,701,37174
701,701,38708
702,702,43955
703,703,3249
703,703,3628
703,703,18726
703,703,22469
703,703,36381
703,703,38979
703,703,43005
703,703,49420
704,704,90
704,704,11543
704,704,11719
704,704,17785
704,704,22193
704,704,26091
704,704,36021
704,704,45979
704,704,47993
705,705,6686
705,705,11039
705,705,11362
705,705,12166
705,705,36372
705,705,38594
705,705,44247
705,705,48933
706,706,3838
706,706,20068
706,706,30890
706,706,44273
706,706,46925
707,707,7016
707,707,22580
707,707,25561
707,707,32097
708,708,18726
708,708,38742
708,708,38979
708,708,43005
708,708,49420
709,709,4363
709,709,15043
709,709,19449
709,709,20832
709,709,24342
709,709,24948
709,709,26129
709,709,45877
709,709,46996
709,709,49588
710,710,4848
710,710,12702
710,710,15938
710,710,30104
710,710,30205
710,710,39545
710,710,42982
710,710,45515
711,711,1414
711,711,2873
711,711,6943
711,711,11245
711,711,16141
711,711,19215
711,711,22134
711,711,22317
711,711,41783
712,712,4558
712,712,22537
712,712,35335
712,712,45450
713,713,11820
713,713,12819
713,713,15706
713,713,37080
713,713,38724
713,713,42085
714,714,10004
714,714,11941
714,714,19469
714,714,19707
714,714,23294
714,714,34862
714,714,42161
715,715,4561
715,715,16428
715,715,29820
715,715,32950
715,715,36021
715,715,40042
715,715,40163
716,716,4308
716,716,14460
716,716,37238
716,716,38196
717,717,2676
717,717,6609
717,717,21463
717,717,22562
717,717,23517
717,717,36069
718,718,37875
718,718,41706
719,719,1685
719,719,11820
719,719,13126
719,719,15706
719,719,29608
719,719,33510
719,719,38724
719,719,42085
719,719,42286
720,720,6686
720,720,48933
721,721,5481
721,721,18395
721,721,18856
721,721,22537
721,721,36856
721,721,48480
722,722,3249
722,722,3628
722,722,22469
722,722,36381
722,722,41806
723,723,3322
723,723,4558
723,723,5486
723,723,12684
723,723,19081
723,723,20818
723,723,22185
723,723,24867
723,723,33431
723,723,37163
723,723,37476
723,723,48307
724,724,28868
724,724,34706
725,725,27218
725,725,33713
725,725,38594
725,725,45724
726,726,30122
726,726,34040
726,726,38082
726,726,39433
727,727,26736
727,727,48607
728,728,1216
728,728,6266
728,728,11362
728,728,17733
728,728,36367
729,729,17868
729,729,23706
729,729,26096
729,729,31775
730,730,3249
730,730,3628
730,730,19469
730,730,22469
730,730,27973
730,730,36381
730,730,41806
730,730,42161
731,731,4375
731,731,4589
731,731,19779
731,731,21380
731,731,21998
731,731,25389
731,731,28591
731,731,45954
731,731,47664
732,732,5670
732,732,6551
732,732,10060
732,732,23033
732,732,23782
732,732,24293
732,732,34651
732,732,37870
732,732,47484
733,733,2573
733,733,5036
733,733,16791
733,733,30938
733,733,36203
733,733,36372
733,733,44490
733,733,48542
734,734,3880
734,734,6686
734,734,16360
734,734,27525
734,734,30424
734,734,35449
734,734,42492
734,734,48933
735,735,10419
735,735,49690
735,735,49757
736,736,4357
736,736,8021
736,736,11820
736,736,15706
736,736,28815
736,736,38724
736,736,42085
737,737,31967
737,737,40488
737,737,42735
737,737,43062
737,737,48752
738,738,3415
738,738,5914
738,738,19229
738,738,20843
738,738,23459
738,738,30831
739,739,7951
739,739,14467
739,739,16502
739,739,26096
739,739,29777
739,739,39592
740,740,1412
740,740,3357
740,740,5193
740,740,15486
740,740,19200
740,740,37752
740,740,44135
740,740,48493
741,741,18594
741,741,26078
742,742,5991
742,742,6686
742,742,8614
742,742,19469
742,742,42161
742,742,42341
742,742,42424
742,742,48933
743,743,1296
743,743,9398
743,743,37777
743,743,48704
743,743,49821
744,744,22469
744,744,36381
744,744,41806
745,745,17044
745,745,23434
745,745,33904
745,745,38694
745,745,49837
746,746,16360
746,746,18248
746,746,38594
747,747,13325
747,747,15624
747,747,15805
747,747,38742
748,748,16360
748,748,18248
748,748,23459
748,748,30831
749,749,11362
749,749,12166
749,749,15915
749,749,36372
750,750,36021
750,750,46041
750,750,49519
751,751,10886
751,751,10889
751,751,13340
751,751,18875
751,751,34426
751,751,38290
751,751,39399
751,751,41099
752,752,1747
752,752,18584
752,752,46013
752,752,49690
752,752,49757
753,753,18900
753,753,29423
753,753,40319
753,753,42085
754,754,4558
754,754,22537
755,755,106
755,755,10633
755,755,13290
755,755,17373
755,755,18290
755,755,39340
755,755,41713
755,755,43955
756,756,10817
756,756,23311
756,756,32252
756,756,39461
756,756,48749
757,757,7257
757,757,22317
757,757,26247
758,758,18474
758,758,38489
758,758,42424
759,759,16696
759,759,21463
759,759,21595
759,759,25382
759,759,30908
759,759,35012
759,759,35155
759,759,36069
759,759,41649
760,760,1256
760,760,17766
760,760,22580
760,760,23258
760,760,35335
760,760,44309
760,760,45450
761,761,6783
761,761,6972
761,761,10379
761,761,15320
761,761,17044
761,761,36526
761,761,38456
761,761,41335
761,761,44862
761,761,49821
762,762,2382
762,762,2573
762,762,18775
762,762,32367
762,762,39733
763,763,1187
763,763,23311
763,763,40247
763,763,48749
764,764,1187
764,764,10004
764,764,22535
764,764,38385
764,764,43456
765,765,9449
765,765,26933
765,765,31631
765,765,47692
766,766,4375
766,766,5991
766,766,8614
766,766,18492
766,766,19779
766,766,21380
766,766,25389
766,766,32371
766,766,42341
766,766,42424
766,766,45954
767,767,737
767,767,12831
767,767,28849
767,767,37398
767,767,39526
767,767,42285
768,768,17444
768,768,19504
768,768,22987
768,768,23178
768,768,26890
768,768,27373
768,768,43036
769,769,1685
769,769,13126
769,769,29608
769,769,33510
769,769,42286
770,770,15734
770,770,31439
770,770,35437
770,770,36021
770,770,43536
770,770,46041
770,770,49519
771,771,6266
771,771,20121
771,771,26157
771,771,27526
772,772,8589
772,772,10299
772,772,17822
772,772,26873
772,772,30076
772,772,35538
772,772,38400
772,772,40101
772,772,46123
773,773,3667
773,773,3755
774,774,7669
774,774,16665
774,774,22461
774,774,23787
774,774,23903
774,774,29910
774,774,41649
774,774,49291
775,775,10242
775,775,24867
775,775,44466
776,776,3880
776,776,16428
776,776,32950
776,776,35212
776,776,37157
776,776,40163
777,777,2573
777,777,4363
777,777,20832
777,777,31196
777,777,38594
777,777,49966
778,778,31631
778,778,47692
779,779,7565
779,779,11275
779,779,15080
779,779,31070
779,779,38777
780,780,25382
780,780,35012
780,780,41649
780,780,46924
780,780,49182
781,781,5670
781,781,23033
781,781,37870
782,782,1755
782,782,6583
782,782,9748
783,783,5027
783,783,20695
784,784,18616
784,784,34583
784,784,38742
784,784,39778
785,785,9118
785,785,18259
785,785,23473
785,785,33984
786,786,4917
786,786,15349
786,786,21224
786,786,42763
787,787,19351
787,787,27373
787,787,42106
787,787,43036
788,788,31631
788,788,47692
789,789,5991
789,789,26252
789,789,36601
789,789,39300
789,789,42424
789,789,49447
790,790,5518
790,790,22479
790,790,23807
790,790,33814
791,791,1412
791,791,3357
791,791,4308
791,791,5193
791,791,14460
791,791,15486
791,791,19200
791,791,37752
791,791,38196
791,791,44135
791,791,48493
792,792,23311
792,792,39517
792,792,48749
793,793,1133
793,793,7016
793,793,22423
793,793,22580
793,793,25561
793,793,26282
793,793,27673
793,793,32097
794,794,5298
794,794,5976
794,794,10895
794,794,11992
794,794,15349
794,794,27435
794,794,39362
794,794,41828
794,794,46393
795,795,6048
795,795,11359
795,795,18594
795,795,22159
795,795,22259
795,795,33247
795,795,40239
795,795,43308
795,795,44102
796,796,780
796,796,5518
796,796,18900
796,796,19326
796,796,28233
796,796,40319
796,796,40370
796,796,45120
796,796,45388
797,797,4558
797,797,5486
797,797,7616
797,797,12684
797,797,19081
797,797,22185
797,797,37163
797,797,48307
798,798,13325
798,798,21463
799,799,8397
799,799,14853
799,799,19469
799,799,20067
799,799,22885
799,799,32939
799,799,34393
799,799,36253
799,799,41311
799,799,42161
800,800,628
800,800,4363
800,800,8589
800,800,17822
800,800,20832
800,800,21345
800,800,26873
800,800,29060
800,800,30076
801,801,1830
801,801,4676
801,801,24927
801,801,31992
802,802,1256
802,802,9927
802,802,16181
802,802,17281
802,802,26933
802,802,31631
802,802,37494
802,802,45636
803,803,19469
803,803,42161
804,804,4848
804,804,12702
804,804,15938
804,804,30104
804,804,30205
804,804,39545
804,804,42982
804,804,45515
805,805,4848
805,805,8051
805,805,9430
805,805,11600
805,805,12462
805,805,15938
805,805,30104
805,805,30205
805,805,42761
805,805,42982
805,805,45515
806,806,653
806,806,9589
806,806,11135
806,806,12673
806,806,32262
806,806,35604
807,807,34196
807,807,36408
808,808,4324
808,808,20388
808,808,26137
808,808,38027
809,809,1849
809,809,18344
809,809,40696
809,809,46188
809,809,48945
810,810,4363
810,810,20832
810,810,42735
810,810,48752
811,811,4324
811,811,6609
811,811,16696
811,811,20388
811,811,26137
811,811,36069
811,811,38027
812,812,7016
812,812,22580
812,812,25561
812,812,32097
813,813,3179
813,813,28604
814,814,7016
814,814,22580
814,814,25561
814,814,32097
815,815,1849
815,815,1919
815,815,4363
815,815,20832
815,815,34614
815,815,38742
815,815,38979
815,815,39749
815,815,43005
815,815,45477
815,815,46188
815,815,49420
815,815,49821
816,816,3752
816,816,5750
816,816,11955
816,816,28946
816,816,34105
816,816,35764
816,816,38868
816,816,40247
816,816,47954
816,816,49182
817,817,6632
817,817,22967
817,817,26736
817,817,31196
817,817,43236
817,817,48607
818,818,1256
818,818,3855
818,818,5531
818,818,6154
818,818,6266
818,818,9701
818,818,24794
818,818,30605
818,818,30938
818,818,44490
818,818,48542
819,819,11039
819,819,15486
819,819,22461
819,819,23161
819,819,38054
819,819,38594
819,819,44247
819,819,47847
819,819,48203
820,820,7281
820,820,41635
821,821,90
821,821,11719
821,821,26091
821,821,45979
822,822,15045
822,822,19659
822,822,27525
822,822,30424
823,823,2053
823,823,3032
823,823,18589
823,823,41617
823,823,49128
824,824,20500
824,824,30122
824,824,35829
824,824,37632
824,824,38082
824,824,43479
825,825,9927
825,825,16181
825,825,17281
825,825,37494
825,825,45636
826,826,15916
826,826,18184
827,827,22848
827,827,30804
827,827,41552
827,827,42910
827,827,44994
828,828,1930
828,828,21595
828,828,30908
828,828,35155
828,828,38694
829,829,1314
829,829,6632
829,829,23774
829,829,29777
829,829,31631
829,829,32459
830,830,15624
830,830,24931
830,830,27218
830,830,33713
830,830,45724
831,831,1220
831,831,8680
831,831,31874
831,831,38489
831,831,48752
832,832,2382
832,832,2573
832,832,18775
832,832,32367
832,832,39733
833,833,10350
833,833,22226
833,833,47520
834,834,1849
834,834,12166
834,834,18344
834,834,23803
834,834,35335
834,834,40696
834,834,46188
835,835,5770
835,835,15043
835,835,24948
835,835,29423
835,835,32743
835,835,45877
835,835,47486
835,835,49588
836,836,6131
836,836,12564
836,836,23311
836,836,39517
836,836,48749
837,837,3796
837,837,6131
837,837,12564
837,837,16989
837,837,32654
838,838,1747
838,838,30938
838,838,41635
838,838,44490
838,838,48542
839,839,2573
839,839,49966
840,840,31967
840,840,43062
841,841,8589
841,841,17822
841,841,26873
841,841,30076
841,841,46123
842,842,973
842,842,3838
842,842,13961
842,842,15307
842,842,19868
842,842,20068
842,842,30890
842,842,32484
842,842,46925
843,843,14700
843,843,26088
843,843,28194
844,844,7951
844,844,29777
844,844,39592
845,845,9067
845,845,10419
845,845,15916
845,845,17757
845,845,18184
845,845,23717
845,845,32712
845,845,36883
845,845,37876
845,845,49588
845,845,49690
845,845,49757
846,846,2091
846,846,4589
846,846,31896
846,846,34040
846,846,36766
846,846,39842
846,846,40430
846,846,41192
847,847,11362
847,847,12166
847,847,22848
847,847,36372
847,847,42910
847,847,43311
848,848,10350
848,848,12921
848,848,17373
848,848,22226
848,848,23415
848,848,39340
849,849,13325
850,850,10817
850,850,17373
850,850,25964
850,850,32252
850,850,39340
850,850,39461
850,850,41127
850,850,41713
851,851,18110
851,851,41261
852,852,11362
852,852,12166
852,852,19351
852,852,36372
852,852,42106
853,853,11997
853,853,20465
853,853,23678
853,853,25769
853,853,47436
854,854,30122
854,854,38082
855,855,4848
855,855,12702
855,855,15938
855,855,30205
855,855,42982
855,855,45515
856,856,11543
856,856,22193
856,856,24642
856,856,34103
856,856,36021
856,856,38742
856,856,38863
856,856,39423
856,856,47945
856,856,47993
857,857,3880
857,857,7259
857,857,11877
857,857,35449
857,857,42492
858,858,4589
858,858,21998
858,858,28591
858,858,47664
859,859,7951
859,859,11039
859,859,40299
859,859,41056
859,859,44247
859,859,46354
859,859,46470
860,860,106
860,860,5718
860,860,8277
860,860,24478
861,861,3221
861,861,5339
861,861,15424
861,861,17373
861,861,22644
861,861,36494
861,861,39340
861,861,41713
862,862,22537
862,862,30804
862,862,41552
863,863,23105
863,863,38698
863,863,48556
864,864,3755
864,864,5027
864,864,20695
864,864,23311
864,864,39517
864,864,43329
864,864,48749
865,865,10004
865,865,10755
865,865,14452
865,865,19707
865,865,25580
866,866,30938
866,866,44490
867,867,19469
867,867,21499
867,867,42161
867,867,45670
868,868,35437
868,868,36021
868,868,46041
868,868,49519
869,869,10817
869,869,16498
869,869,22423
869,869,28512
869,869,32252
869,869,39149
870,870,8695
870,870,39847
871,871,1554
871,871,23661
871,871,39399
871,871,49301
872,872,11401
872,872,23507
872,872,26081
872,872,33446
872,872,40988
873,873,24642
873,873,34103
873,873,38742
873,873,38863
873,873,39423
873,873,47945
874,874,5914
874,874,5991
874,874,8614
874,874,23459
874,874,30831
874,874,42341
874,874,42424
875,875,6048
875,875,11359
875,875,22159
875,875,40239
875,875,43308
876,876,13066
876,876,18594
876,876,26078
876,876,39808
877,877,12166
877,877,12335
877,877,21531
877,877,35212
877,877,36372
877,877,38841
877,877,40003
878,878,11997
879,879,5991
879,879,26252
879,879,36601
879,879,39300
879,879,42424
879,879,49447
880,880,2053
880,880,3032
880,880,4558
880,880,18589
880,880,22537
880,880,31967
880,880,41617
880,880,43062
880,880,49128
881,881,4558
881,881,22537
882,882,94
882,882,1551
882,882,2051
882,882,13518
882,882,15494
882,882,25771
882,882,37442
883,883,1318
883,883,21970
883,883,28919
883,883,35437
883,883,46041
884,884,4357
884,884,9067
884,884,23717
884,884,36883
884,884,37876
885,885,4468
885,885,24756
885,885,27415
885,885,37716
885,885,39517
885,885,48749
886,886,3838
886,886,19868
886,886,20068
886,886,30890
886,886,46925
887,887,2053
887,887,18589
887,887,41617
887,887,49128
888,888,19977
888,888,23803
888,888,34046
889,889,28815
889,889,34064
889,889,35212
889,889,49791
890,890,2912
890,890,9299
890,890,12272
890,890,15915
890,890,30938
890,890,35104
890,890,44490
890,890,46305
890,890,48542
891,891,1256
891,891,3752
891,891,3855
891,891,6266
891,891,9701
891,891,11890
891,891,20160
891,891,23434
891,891,24794
891,891,28868
891,891,34105
891,891,44925
891,891,47176
891,891,49837
892,892,1747
893,893,35437
893,893,36021
893,893,49519
894,894,4468
894,894,24756
894,894,27415
895,895,17868
895,895,23706
895,895,26096
895,895,31775
896,896,5898
896,896,11245
896,896,17373
896,896,22317
896,896,29948
896,896,39340
896,896,41713
896,896,41725
897,897,5518
897,897,22479
897,897,23807
897,897,33814
898,898,15471
898,898,15486
898,898,15906
898,898,22461
898,898,26064
898,898,38054
898,898,44158
898,898,47847
899,899,17849
899,899,21171
899,899,23064
899,899,27218
899,899,36499
899,899,37732
900,900,375
900,900,19779
900,900,21380
900,900,25389
900,900,45954
900,900,46983
901,901,106
901,901,2573
901,901,5770
901,901,8695
901,901,18290
901,901,26524
901,901,39847
901,901,49966
902,902,12272
902,902,46305
903,903,27218
903,903,33713
903,903,45724
904,904,5750
904,904,11955
904,904,16360
904,904,35764
905,905,40299
905,905,46354
905,905,46470
906,906,26064
906,906,26736
906,906,31874
906,906,34219
906,906,34393
906,906,48752
907,907,28698
907,907,29747
907,907,37396
907,907,46964
908,908,30122
908,908,38082
909,909,3838
909,909,19868
909,909,20068
909,909,30890
909,909,46925
910,910,23105
910,910,38698
910,910,48556
911,911,1381
911,911,30150
911,911,37357
911,911,43569
912,912,1232
912,912,2053
912,912,3032
912,912,9204
912,912,10817
912,912,12335
912,912,18589
912,912,32252
912,912,49128
913,913,2360
913,913,6583
913,913,24627
913,913,25870
913,913,27218
913,913,36765
913,913,38594
913,913,39149
913,913,44550
914,914,4357
914,914,8021
914,914,28815
914,914,43036
914,914,49966
915,915,4848
915,915,12702
915,915,15938
915,915,30104
915,915,30205
915,915,39545
915,915,42982
915,915,45515
916,916,1072
916,916,13066
916,916,32371
916,916,39808
917,917,9514
917,917,25884
917,917,39134
918,918,10886
918,918,10889
918,918,13340
918,918,34426
918,918,38290
919,919,1253
919,919,23314
919,919,30404
920,920,2360
920,920,4363
920,920,20832
920,920,24627
920,920,25870
920,920,36765
920,920,38594
920,920,44550
921,921,6783
921,921,6972
921,921,10379
921,921,15320
921,921,17044
