Item_1,Item_2,Item_3,Item_4,Item_5,Item_6,Item_7,Item_8,Item_9,Item_10,Item_11,Item_12,Item_13,Item_14
4357,8021,8259,25964,27299,28815,41127,0,0,0,0,0,0,0
6048,22159,40239,43308,0,0,0,0,0,0,0,0,0,0
6686,18184,28868,34706,48933,0,0,0,0,0,0,0,0,0
4375,19779,21380,25389,30122,38082,45954,0,0,0,0,0,0,0
2091,4589,7616,8695,34040,39847,40430,0,0,0,0,0,0,0
7257,10004,19449,19707,26129,46996,0,0,0,0,0,0,0,0
2573,9709,15876,17711,39181,40187,44135,44768,46924,0,0,0,0,0
19449,21989,23661,39399,46823,46996,49301,49690,49757,0,0,0,0,0
2360,24627,25870,36765,38594,44550,0,0,0,0,0,0,0,0
4363,10038,20832,27384,38004,49546,0,0,0,0,0,0,0,0
4589,11039,14700,38594,40430,44247,0,0,0,0,0,0,0,0
1314,6632,23774,29777,32459,0,0,0,0,0,0,0,0,0
5750,5991,8614,20346,28815,33436,42304,42341,42424,45450,0,0,0,0
5806,24450,26091,0,0,0,0,0,0,0,0,0,0,0
5522,11362,12166,13178,15091,16801,0,0,0,0,0,0,0,0
9449,16360,18248,0,0,0,0,0,0,0,0,0,0,0
1318,21463,28919,36499,43955,0,0,0,0,0,0,0,0,0
11820,15706,31639,38724,42085,44517,0,0,0,0,0,0,0,0
15351,27373,43036,44886,45142,0,0,0,0,0,0,0,0,0
25962,26078,46960,0,0,0,0,0,0,0,0,0,0,0
15624,20583,24931,0,0,0,0,0,0,0,0,0,0,0
1187,43456,0,0,0,0,0,0,0,0,0,0,0,0
1930,3755,12705,21595,30908,35155,38694,39210,44866,46996,0,0,0,0
20465,23678,47436,0,0,0,0,0,0,0,0,0,0,0
7016,22580,25561,26064,32097,34219,34393,0,0,0,0,0,0,0
1187,8680,31874,40247,48752,0,0,0,0,0,0,0,0,0
1253,8277,10817,23314,30404,32252,39461,0,0,0,0,0,0,0
12448,15351,15624,27218,38029,39149,44886,45142,48828,0,0,0,0,0
15349,16418,18221,21112,23434,42763,44994,49366,49837,0,0,0,0,0
4308,14460,23168,38196,44410,0,0,0,0,0,0,0,0,0
375,1318,28919,46983,0,0,0,0,0,0,0,0,0,0
31889,48071,48556,0,0,0,0,0,0,0,0,0,0,0
15486,22461,26064,31874,38054,47847,48752,0,0,0,0,0,0,0
3415,10004,19229,19707,20843,0,0,0,0,0,0,0,0,0
18474,23311,38489,39517,42424,48749,0,0,0,0,0,0,0,0
10419,49690,49757,0,0,0,0,0,0,0,0,0,0,0
7539,8669,12621,28473,35057,0,0,0,0,0,0,0,0,0
30804,0,0,0,0,0,0,0,0,0,0,0,0,0
12819,15424,36494,37080,0,0,0,0,0,0,0,0,0,0
5991,7281,8614,21171,27218,42341,42424,0,0,0,0,0,0,0
24448,39517,48749,49271,0,0,0,0,0,0,0,0,0,0
2573,5339,17711,23311,39181,39517,46924,48749,49182,0,0,0,0,0
46354,46470,0,0,0,0,0,0,0,0,0,0,0,0
7565,11275,15080,30938,31070,31639,44490,44517,47436,48542,0,0,0,0
15351,44886,45142,0,0,0,0,0,0,0,0,0,0,0
1216,6583,17733,22967,26736,27218,39149,43236,48607,0,0,0,0,0
10755,14452,25580,0,0,0,0,0,0,0,0,0,0,0
5271,14019,20342,23311,26417,39517,48749,0,0,0,0,0,0,0
1256,3855,6266,8397,9701,16502,24794,26096,41311,0,0,0,0,0
6551,10060,19449,23782,24293,24342,26129,34651,46996,47484,0,0,0,0
23311,39517,48749,0,0,0,0,0,0,0,0,0,0,0
1755,6583,9748,10633,10801,12705,16669,39210,44866,0,0,0,0,0
2573,17711,39181,46924,49182,0,0,0,0,0,0,0,0,0
26933,27973,31631,47692,0,0,0,0,0,0,0,0,0,0
3755,12705,17444,39210,44866,45450,0,0,0,0,0,0,0,0
15349,23268,42763,49366,0,0,0,0,0,0,0,0,0,0
6609,16696,19469,21463,36069,42161,42735,48752,0,0,0,0,0,0
34196,36408,0,0,0,0,0,0,0,0,0,0,0,0
7951,40299,46354,46470,0,0,0,0,0,0,0,0,0,0
26157,27526,0,0,0,0,0,0,0,0,0,0,0,0
780,25964,41127,45388,0,0,0,0,0,0,0,0,0,0
10886,10889,13340,18474,34426,38290,38489,42424,0,0,0,0,0,0
2676,22562,23517,42763,49366,0,0,0,0,0,0,0,0,0
37875,41706,47146,0,0,0,0,0,0,0,0,0,0,0
1314,6632,23774,29777,30150,32459,37357,0,0,0,0,0,0,0
11026,33478,39762,44535,0,0,0,0,0,0,0,0,0,0
9927,15361,16181,17281,37494,45636,0,0,0,0,0,0,0,0
39517,0,0,0,0,0,0,0,0,0,0,0,0,0
8589,17822,26873,30076,46123,0,0,0,0,0,0,0,0,0
2053,3032,6609,16696,18589,21463,36069,41617,49128,0,0,0,0,0
8145,16502,21712,26096,46345,0,0,0,0,0,0,0,0,0
19449,24342,26129,0,0,0,0,0,0,0,0,0,0,0
1747,21463,0,0,0,0,0,0,0,0,0,0,0,0
2573,17711,49182,0,0,0,0,0,0,0,0,0,0,0
24448,46393,49271,0,0,0,0,0,0,0,0,0,0,0
16360,27525,29423,30424,32743,47486,0,0,0,0,0,0,0,0
11997,22848,42910,43311,0,0,0,0,0,0,0,0,0,0
5750,11955,26933,31631,35764,0,0,0,0,0,0,0,0,0
2360,24627,25870,36765,38594,44550,0,0,0,0,0,0,0,0
4357,8021,8277,28815,31196,33206,0,0,0,0,0,0,0,0
15404,19504,22987,26890,0,0,0,0,0,0,0,0,0,0
22317,38069,39926,0,0,0,0,0,0,0,0,0,0,0
1747,41713,0,0,0,0,0,0,0,0,0,0,0,0
5670,25962,34196,36408,37870,0,0,0,0,0,0,0,0,0
23709,29141,0,0,0,0,0,0,0,0,0,0,0,0
13961,31639,41311,41635,44517,0,0,0,0,0,0,0,0,0
10419,12166,13325,23178,36372,49690,49757,0,0,0,0,0,0,0
16455,24358,29423,29973,37977,47486,0,0,0,0,0,0,0,0
14853,20067,22885,24642,32939,34103,36253,38742,38863,39423,47945,0,0,0
10633,10755,13290,14672,23255,26300,32298,33812,0,0,0,0,0,0
7951,35829,40299,43479,46354,46470,0,0,0,0,0,0,0,0
5991,26252,36601,39300,42424,49447,0,0,0,0,0,0,0,0
8169,12905,19449,22848,26129,29423,32743,35768,46996,47486,0,0,0,0
5750,11955,29423,32743,35764,37238,47486,0,0,0,0,0,0,0
17849,23064,28868,34706,35437,36021,37732,46041,49519,0,0,0,0,0
11879,34040,39433,0,0,0,0,0,0,0,0,0,0,0
24642,34103,38742,38863,39423,47945,0,0,0,0,0,0,0,0
35829,43479,0,0,0,0,0,0,0,0,0,0,0,0
4558,5486,12684,19081,19469,22185,37163,42161,48307,0,0,0,0,0
11026,15876,33478,39762,40187,44135,44768,0,0,0,0,0,0,0
13066,15404,19504,22987,26890,39808,0,0,0,0,0,0,0,0
1849,18344,40696,46188,48945,0,0,0,0,0,0,0,0,0
5518,15424,28233,36494,40370,0,0,0,0,0,0,0,0,0
12819,17373,23311,37080,39340,39517,41713,48749,0,0,0,0,0,0
7281,31889,41056,48071,48556,0,0,0,0,0,0,0,0,0
4308,6632,14460,31196,38196,0,0,0,0,0,0,0,0,0
7138,9681,49619,0,0,0,0,0,0,0,0,0,0,0
15351,37875,44886,45142,47146,0,0,0,0,0,0,0,0,0
5271,14019,14700,20342,26088,26417,28194,0,0,0,0,0,0,0
10886,23168,24642,31889,34103,38742,38863,39423,44410,47945,48071,48556,0,0
628,4308,14460,21345,28258,29060,33555,38196,47954,0,0,0,0,0
8169,11362,12166,12905,22848,35768,36372,0,0,0,0,0,0,0
10509,0,0,0,0,0,0,0,0,0,0,0,0,0
1072,4363,5754,31910,32371,41213,43389,46013,0,0,0,0,0,0
22464,28670,44364,0,0,0,0,0,0,0,0,0,0,0
780,21027,30919,31133,41145,45388,0,0,0,0,0,0,0,0
30938,44490,48542,0,0,0,0,0,0,0,0,0,0,0
8169,12905,22848,35768,0,0,0,0,0,0,0,0,0,0
90,11719,26091,45979,0,0,0,0,0,0,0,0,0,0
3249,3511,10763,15145,0,0,0,0,0,0,0,0,0,0
12886,0,0,0,0,0,0,0,0,0,0,0,0,0
2573,5036,9685,15692,26524,36203,36372,37407,0,0,0,0,0,0
24642,28868,34103,34706,38742,38863,39423,47945,0,0,0,0,0,0
11820,12448,15706,31967,37539,38724,42085,43062,0,0,0,0,0,0
4363,20832,48933,0,0,0,0,0,0,0,0,0,0,0
2091,4589,26064,34040,34219,34393,40430,0,0,0,0,0,0,0
3415,19229,20843,35437,36021,46041,49519,0,0,0,0,0,0,0
2360,24627,25870,36765,38594,44550,0,0,0,0,0,0,0,0
5522,13178,15091,16801,0,0,0,0,0,0,0,0,0,0
16418,18221,21112,44994,0,0,0,0,0,0,0,0,0,0
14130,18754,23916,0,0,0,0,0,0,0,0,0,0,0
1747,2181,16897,20160,23637,38786,39547,42816,0,0,0,0,0,0
9927,16181,17281,33502,45636,0,0,0,0,0,0,0,0,0
17373,24448,39340,41713,49271,0,0,0,0,0,0,0,0,0
1747,38881,0,0,0,0,0,0,0,0,0,0,0,0
22580,23064,31903,40179,41724,44309,0,0,0,0,0,0,0,0
5991,8614,42341,42424,45120,45388,0,0,0,0,0,0,0,0
3180,21989,22537,23661,28791,49301,0,0,0,0,0,0,0,0
5518,22479,23807,33814,0,0,0,0,0,0,0,0,0,0
1747,2573,11039,17711,44247,46924,49182,0,0,0,0,0,0,0
5316,11931,27406,0,0,0,0,0,0,0,0,0,0,0
5027,10000,20695,0,0,0,0,0,0,0,0,0,0,0
2091,4308,4589,14460,34040,38196,40430,41861,0,0,0,0,0,0
1664,7138,8589,49619,0,0,0,0,0,0,0,0,0,0
1275,25702,25884,39134,0,0,0,0,0,0,0,0,0,0
4558,5486,12684,22185,37163,48307,0,0,0,0,0,0,0,0
3249,3628,9449,16791,22469,33053,36381,41806,44273,0,0,0,0,0
19326,30722,31618,41649,0,0,0,0,0,0,0,0,0,0
5750,20346,35516,38742,40319,42085,49757,0,0,0,0,0,0,0
5976,7480,15916,16502,18184,26096,39362,0,0,0,0,0,0,0
22226,47520,0,0,0,0,0,0,0,0,0,0,0,0
4116,6585,12303,30697,0,0,0,0,0,0,0,0,0,0
2573,16665,17711,23903,29910,39181,46924,49182,49291,0,0,0,0,0
17757,31489,32712,49588,0,0,0,0,0,0,0,0,0,0
1414,2873,6943,8277,11245,16141,17757,19215,22134,22317,31489,33206,41783,49588
10817,40488,42735,48752,0,0,0,0,0,0,0,0,0,0
16455,24358,27218,29423,29973,33713,37977,38594,45724,47486,0,0,0,0
4468,23311,24756,27415,37716,39517,48749,0,0,0,0,0,0,0
17868,23709,29141,0,0,0,0,0,0,0,0,0,0,0
11820,15706,38724,42085,0,0,0,0,0,0,0,0,0,0
16502,26096,0,0,0,0,0,0,0,0,0,0,0,0
1256,1755,9748,11820,15706,15915,16669,17766,23258,38724,42085,0,0,0
6686,20500,37632,38594,48933,0,0,0,0,0,0,0,0,0
17757,27218,31489,32712,33713,45724,49588,0,0,0,0,0,0,0
4363,13671,17868,20832,23706,26096,31775,34196,38698,41261,0,0,0,0
24642,34103,38742,38863,39423,47945,0,0,0,0,0,0,0,0
3667,3755,10350,22226,47520,0,0,0,0,0,0,0,0,0
1849,18344,40696,46188,48945,0,0,0,0,0,0,0,0,0
4589,21998,28591,47664,0,0,0,0,0,0,0,0,0,0
1232,12335,28636,0,0,0,0,0,0,0,0,0,0,0
3249,3628,22469,32743,36381,41806,47486,0,0,0,0,0,0,0
4030,6448,12364,19977,23803,34046,38662,44936,0,0,0,0,0,0
1685,4308,14460,38196,0,0,0,0,0,0,0,0,0,0
1747,3297,4716,11026,33478,39762,39919,42735,43955,44535,48752,0,0,0
492,9685,15692,37407,0,0,0,0,0,0,0,0,0,0
4357,8021,19469,28815,42161,0,0,0,0,0,0,0,0,0
5991,26252,36601,39300,42424,49447,0,0,0,0,0,0,0,0
7257,25702,0,0,0,0,0,0,0,0,0,0,0,0
492,25748,33690,34706,39990,49471,0,0,0,0,0,0,0,0
1381,12886,32298,0,0,0,0,0,0,0,0,0,0,0
5770,16428,26524,32950,40163,0,0,0,0,0,0,0,0,0
1412,2573,3357,5193,15486,19200,37752,44135,48493,49966,0,0,0,0
5965,18159,22934,30697,31348,34381,46157,0,0,0,0,0,0,0
90,4917,11719,21224,26091,45979,0,0,0,0,0,0,0,0
46823,49690,49757,0,0,0,0,0,0,0,0,0,0,0
2573,5036,36203,36372,0,0,0,0,0,0,0,0,0,0
1133,1216,3488,17733,22423,26282,27673,36367,0,0,0,0,0,0
1256,4363,17766,20832,23258,28946,38868,47954,0,0,0,0,0,0
3179,3880,16502,26096,28604,37157,0,0,0,0,0,0,0,0
5670,10895,15349,23033,37870,0,0,0,0,0,0,0,0,0
7951,14467,28868,29777,34706,39592,0,0,0,0,0,0,0,0
29423,32743,47486,0,0,0,0,0,0,0,0,0,0,0
25382,35012,41649,0,0,0,0,0,0,0,0,0,0,0
4589,21998,28591,37716,47664,0,0,0,0,0,0,0,0,0
5316,11931,27406,0,0,0,0,0,0,0,0,0,0,0
1318,28919,0,0,0,0,0,0,0,0,0,0,0,0
4561,29423,29820,32743,36021,40042,47486,0,0,0,0,0,0,0
11820,15706,38724,42085,0,0,0,0,0,0,0,0,0,0
6131,7016,12564,22580,25561,28868,32097,0,0,0,0,0,0,0
10419,17053,26965,30122,35660,38082,49690,49757,0,0,0,0,0,0
5914,23459,30831,34196,36408,36499,0,0,0,0,0,0,0,0
5518,5770,17044,22479,23807,26524,33814,33904,38694,49821,0,0,0,0
6609,7539,8669,12621,16696,21463,28473,35057,36069,0,0,0,0,0
2790,12812,14672,26300,30128,32298,0,0,0,0,0,0,0,0
5991,26252,28815,33436,36601,39300,42304,42424,49447,0,0,0,0,0
21989,23661,39399,49301,0,0,0,0,0,0,0,0,0,0
27218,31896,36766,39149,39842,41725,43369,43515,0,0,0,0,0,0
10509,30938,42735,44490,48542,48752,0,0,0,0,0,0,0,0
5991,23105,26252,36601,38698,39300,42424,48556,49447,0,0,0,0,0
7951,40299,46354,46470,0,0,0,0,0,0,0,0,0,0
16360,27525,30424,0,0,0,0,0,0,0,0,0,0,0
18726,19663,37174,38708,38742,38979,43005,0,0,0,0,0,0,0
5027,10000,12819,20695,37080,0,0,0,0,0,0,0,0,0
2790,5991,12812,26252,28815,36601,39300,39926,42424,0,0,0,0,0
492,9685,15692,26524,37407,0,0,0,0,0,0,0,0,0
6686,48933,0,0,0,0,0,0,0,0,0,0,0,0
11820,15706,25964,38724,41127,42085,0,0,0,0,0,0,0,0
3755,12705,22967,26736,39210,43236,44866,48607,0,0,0,0,0,0
20500,26064,34219,34393,37632,45120,45388,0,0,0,0,0,0,0
14672,17868,23706,26300,31775,32298,0,0,0,0,0,0,0,0
11026,33478,39762,0,0,0,0,0,0,0,0,0,0,0
12950,13265,17849,22423,23064,23178,27973,30536,37732,41725,43369,43515,0,0
6258,8169,12905,14672,22848,35768,46998,0,0,0,0,0,0,0
4791,11351,28688,32187,42904,0,0,0,0,0,0,0,0,0
5518,22479,23807,33814,0,0,0,0,0,0,0,0,0,0
3880,35449,38841,40003,42492,42918,44994,0,0,0,0,0,0,0
17373,39340,41713,0,0,0,0,0,0,0,0,0,0,0
11820,19449,24342,26129,38724,42085,46996,0,0,0,0,0,0,0
4357,28815,0,0,0,0,0,0,0,0,0,0,0,0
336,38881,44111,0,0,0,0,0,0,0,0,0,0,0
8169,12905,22848,35768,0,0,0,0,0,0,0,0,0,0
4909,28815,35212,49791,0,0,0,0,0,0,0,0,0,0
10886,10889,13340,21554,21679,34426,38290,39547,0,0,0,0,0,0
22948,28868,34706,0,0,0,0,0,0,0,0,0,0,0
15349,42763,49366,0,0,0,0,0,0,0,0,0,0,0
6686,10419,20832,23168,26965,27973,44410,48933,49690,49757,0,0,0,0
6048,11359,22159,23105,38698,40239,43308,48556,0,0,0,0,0,0
27218,38594,39149,0,0,0,0,0,0,0,0,0,0,0
6551,10060,23782,24293,34651,47484,0,0,0,0,0,0,0,0
6048,11359,22159,40239,43308,0,0,0,0,0,0,0,0,0
4558,8695,22537,30804,39847,41552,0,0,0,0,0,0,0,0
5976,8259,27299,44490,48542,0,0,0,0,0,0,0,0,0
3796,16989,18900,32654,40319,42085,43955,0,0,0,0,0,0,0
5770,8695,26524,29961,0,0,0,0,0,0,0,0,0,0
5518,11997,28233,40370,0,0,0,0,0,0,0,0,0,0
6609,11362,12166,16696,21463,36069,36372,0,0,0,0,0,0,0
11275,15080,31070,38777,47436,0,0,0,0,0,0,0,0,0
4909,28815,34064,35212,49791,0,0,0,0,0,0,0,0,0
9430,11600,15876,40187,44135,44768,0,0,0,0,0,0,0,0
16455,24358,29423,37977,47486,0,0,0,0,0,0,0,0,0
375,14642,16198,22948,32583,40601,46983,47885,0,0,0,0,0,0
11039,38594,44247,0,0,0,0,0,0,0,0,0,0,0
23473,28868,34706,43955,0,0,0,0,0,0,0,0,0,0
22317,23916,26247,36526,38456,41335,49821,0,0,0,0,0,0,0
3179,10038,27384,28604,38004,49546,0,0,0,0,0,0,0,0
24642,34103,38742,38863,39423,47945,0,0,0,0,0,0,0,0
46823,49690,49757,0,0,0,0,0,0,0,0,0,0,0
10000,18594,20695,26078,0,0,0,0,0,0,0,0,0,0
11543,22193,36021,47993,0,0,0,0,0,0,0,0,0,0
23105,23168,38698,44410,48556,0,0,0,0,0,0,0,0,0
7016,25561,31874,32097,48752,0,0,0,0,0,0,0,0,0
16696,21463,36069,0,0,0,0,0,0,0,0,0,0,0
2912,5770,9299,15915,26524,35104,0,0,0,0,0,0,0,0
6131,12564,0,0,0,0,0,0,0,0,0,0,0,0
16455,24358,29423,29973,37977,47486,0,0,0,0,0,0,0,0
10633,12335,13290,18584,21203,32661,46013,0,0,0,0,0,0,0
7016,18584,22580,25561,32097,46013,0,0,0,0,0,0,0,0
25962,30804,41552,46960,0,0,0,0,0,0,0,0,0,0
651,2748,23161,45032,48203,0,0,0,0,0,0,0,0,0
10299,19074,31874,33908,48752,0,0,0,0,0,0,0,0,0
22644,0,0,0,0,0,0,0,0,0,0,0,0,0
4589,21998,28591,34196,36408,47664,0,0,0,0,0,0,0,0
1253,23314,30404,0,0,0,0,0,0,0,0,0,0,0
7016,22580,23311,25561,32097,39517,48749,0,0,0,0,0,0,0
4308,14460,38196,0,0,0,0,0,0,0,0,0,0,0
11543,16360,18248,22193,36021,47993,0,0,0,0,0,0,0,0
1216,3488,17733,36367,0,0,0,0,0,0,0,0,0,0
15424,36494,0,0,0,0,0,0,0,0,0,0,0,0
9067,23717,0,0,0,0,0,0,0,0,0,0,0,0
10038,27384,38004,49546,0,0,0,0,0,0,0,0,0,0
1186,4468,6396,8764,18018,24756,27415,37716,0,0,0,0,0,0
11401,20583,28868,34706,40988,0,0,0,0,0,0,0,0,0
7016,22580,25561,32097,0,0,0,0,0,0,0,0,0,0
1747,11039,38594,44247,0,0,0,0,0,0,0,0,0,0
1685,13126,29608,33510,0,0,0,0,0,0,0,0,0,0
5027,10000,20695,31639,44517,46013,0,0,0,0,0,0,0,0
8021,28815,35437,36021,46041,49519,0,0,0,0,0,0,0,0
5283,40890,48556,0,0,0,0,0,0,0,0,0,0,0
6212,8169,12905,12950,13265,15307,22848,23178,30536,32484,35768,0,0,0
780,15349,26736,41861,42763,45120,45388,49366,0,0,0,0,0,0
1133,22423,26282,0,0,0,0,0,0,0,0,0,0,0
4357,8021,21554,21679,28815,28946,38868,39547,47954,0,0,0,0,0
3628,22469,36381,41806,0,0,0,0,0,0,0,0,0,0
4589,21998,28591,47664,0,0,0,0,0,0,0,0,0,0
6686,14672,26300,32298,48933,0,0,0,0,0,0,0,0,0
27218,39149,0,0,0,0,0,0,0,0,0,0,0,0
5991,7669,37777,41649,42341,42424,49821,0,0,0,0,0,0,0
11362,12166,36526,44862,0,0,0,0,0,0,0,0,0,0
9927,14700,16181,17281,26088,37494,45636,0,0,0,0,0,0,0
11026,15486,22461,26064,33478,38054,39762,44535,47847,0,0,0,0,0
13325,30804,41552,0,0,0,0,0,0,0,0,0,0,0
21554,42735,48752,0,0,0,0,0,0,0,0,0,0,0
16498,19351,22423,22644,28512,42106,0,0,0,0,0,0,0,0
5339,16428,22644,32950,40163,0,0,0,0,0,0,0,0,0
2676,15876,22562,40187,44135,44768,0,0,0,0,0,0,0,0
5750,20346,25382,35012,0,0,0,0,0,0,0,0,0,0
5298,11992,28258,33555,44309,47954,0,0,0,0,0,0,0,0
14853,20067,22885,32939,36253,0,0,0,0,0,0,0,0,0
4597,10817,23807,32252,34347,41635,0,0,0,0,0,0,0,0
375,4589,6609,16696,21463,21998,28591,36069,46983,47664,0,0,0,0
17757,31889,32712,48071,49588,0,0,0,0,0,0,0,0,0
94,2051,2382,2573,13518,16360,18248,18775,25771,32367,37442,39733,0,0
26252,36601,39300,49447,0,0,0,0,0,0,0,0,0,0
7016,22580,25561,32097,0,0,0,0,0,0,0,0,0,0
1849,4357,18344,28815,40696,46188,48945,0,0,0,0,0,0,0
13325,21595,30908,35155,38694,0,0,0,0,0,0,0,0,0
3755,24756,27415,37716,43329,0,0,0,0,0,0,0,0,0
16455,24358,29423,29973,37977,47486,0,0,0,0,0,0,0,0
4030,4363,6448,12364,20832,24955,38662,44936,0,0,0,0,0,0
2382,2573,18775,28604,32367,39733,0,0,0,0,0,0,0,0
5991,15915,42341,42424,0,0,0,0,0,0,0,0,0,0
5316,5518,11039,11289,28233,38594,40370,0,0,0,0,0,0,0
2573,5036,8695,36203,36372,39847,0,0,0,0,0,0,0,0
4357,8021,16665,23903,28815,29910,49291,0,0,0,0,0,0,0
3572,30712,40961,41649,0,0,0,0,0,0,0,0,0,0
5991,18726,26252,36601,38742,39300,42424,43005,49447,0,0,0,0,0
2573,6131,8021,11362,12166,12564,15045,19659,36372,49966,0,0,0,0
4363,20832,31889,48071,48556,49821,0,0,0,0,0,0,0,0
1253,7016,22580,23314,25561,30404,32097,0,0,0,0,0,0,0
20500,37632,0,0,0,0,0,0,0,0,0,0,0,0
11600,0,0,0,0,0,0,0,0,0,0,0,0,0
4468,5750,11955,24756,27415,37716,0,0,0,0,0,0,0,0
4676,24927,31992,36526,38456,41335,44862,49821,0,0,0,0,0,0
5339,10633,13290,13671,22644,34196,0,0,0,0,0,0,0,0
17757,18875,31489,32712,39399,41099,49588,0,0,0,0,0,0,0
1072,8021,28815,31196,32371,41261,0,0,0,0,0,0,0,0
4561,29820,36021,40042,0,0,0,0,0,0,0,0,0,0
11362,12166,36372,0,0,0,0,0,0,0,0,0,0,0
1216,36367,0,0,0,0,0,0,0,0,0,0,0,0
5750,11955,35764,0,0,0,0,0,0,0,0,0,0,0
10817,15734,31439,32252,39461,43536,0,0,0,0,0,0,0,0
2360,24627,25870,36765,38594,44550,0,0,0,0,0,0,0,0
4848,12702,15938,30104,39545,42982,45515,0,0,0,0,0,0,0
11362,11997,12166,35449,36372,42492,0,0,0,0,0,0,0,0
15349,22967,26736,42763,43236,48607,49366,0,0,0,0,0,0,0
375,38935,40609,44862,46983,0,0,0,0,0,0,0,0,0
16198,32583,40601,47885,0,0,0,0,0,0,0,0,0,0
28946,38868,42763,44517,47954,0,0,0,0,0,0,0,0,0
1275,7257,25702,39847,49821,0,0,0,0,0,0,0,0,0
16198,32583,40601,47885,0,0,0,0,0,0,0,0,0,0
1755,9748,16669,0,0,0,0,0,0,0,0,0,0,0
22580,23064,32034,32799,37714,44309,46470,0,0,0,0,0,0,0
34105,0,0,0,0,0,0,0,0,0,0,0,0,0
1216,3488,3880,17733,31903,35449,36367,40179,41724,42492,46013,0,0,0
3179,12448,15915,16198,28604,32583,37539,47885,0,0,0,0,0,0
5976,7480,39362,0,0,0,0,0,0,0,0,0,0,0
628,13325,15307,21345,29060,32484,0,0,0,0,0,0,0,0
1318,6258,14672,28919,32298,46998,0,0,0,0,0,0,0,0
10817,31903,32252,40179,41724,0,0,0,0,0,0,0,0,0
5027,10000,16791,20695,20977,33717,46527,0,0,0,0,0,0,0
11820,13126,15706,29608,33510,38724,42085,0,0,0,0,0,0,0
3249,3628,22469,23434,36381,41806,0,0,0,0,0,0,0,0
2360,4917,9449,21224,24627,25870,36765,38594,44273,44550,0,0,0,0
7016,22580,25561,32097,0,0,0,0,0,0,0,0,0,0
17757,31489,32712,49588,0,0,0,0,0,0,0,0,0,0
5531,6154,30605,0,0,0,0,0,0,0,0,0,0,0
39181,46924,49182,0,0,0,0,0,0,0,0,0,0,0
492,9685,15692,26524,37407,0,0,0,0,0,0,0,0,0
15486,22461,26064,38054,47847,0,0,0,0,0,0,0,0,0
4357,5991,8021,26252,27973,28815,36601,39300,42424,49447,0,0,0,0
4909,28868,34064,34706,35212,49791,0,0,0,0,0,0,0,0
1685,29608,31618,31967,43062,48556,49821,0,0,0,0,0,0,0
15734,29423,31439,34799,43536,47486,0,0,0,0,0,0,0,0
1381,22848,42910,43311,0,0,0,0,0,0,0,0,0,0
7016,22580,25561,32097,0,0,0,0,0,0,0,0,0,0
21463,36069,0,0,0,0,0,0,0,0,0,0,0,0
7565,11275,15080,18184,31070,38777,47436,0,0,0,0,0,0,0
17373,39340,41713,0,0,0,0,0,0,0,0,0,0,0
18474,42424,0,0,0,0,0,0,0,0,0,0,0,0
2573,17711,39181,43955,46924,49182,0,0,0,0,0,0,0,0
4363,4589,11997,20832,21998,28591,0,0,0,0,0,0,0,0
9709,10000,35829,43479,0,0,0,0,0,0,0,0,0,0
5271,14019,20342,26417,0,0,0,0,0,0,0,0,0,0
4375,6131,12564,19779,21380,0,0,0,0,0,0,0,0,0
29423,32743,47486,0,0,0,0,0,0,0,0,0,0,0
3838,4308,5991,8614,14460,19868,20068,30890,38196,42341,42424,46925,0,0
16198,32583,40601,47885,0,0,0,0,0,0,0,0,0,0
11362,12166,36372,0,0,0,0,0,0,0,0,0,0,0
7016,22580,25561,0,0,0,0,0,0,0,0,0,0,0
8145,16502,21712,26096,41828,46345,0,0,0,0,0,0,0,0
3139,10350,22226,28371,35400,47520,0,0,0,0,0,0,0,0
4308,8277,14460,33206,38196,0,0,0,0,0,0,0,0,0
15349,30804,30938,41552,42763,44490,48542,49366,0,0,0,0,0,0
2124,17785,24642,26933,34103,38742,38863,39423,47945,0,0,0,0,0
4357,4917,5361,8277,21224,27435,33206,37073,0,0,0,0,0,0
4324,4510,20388,26137,38027,44567,47103,0,0,0,0,0,0,0
5991,8614,28868,34706,36499,42341,42424,0,0,0,0,0,0,0
5481,10817,18395,18856,32252,36856,39461,48480,0,0,0,0,0,0
8169,12905,22848,0,0,0,0,0,0,0,0,0,0,0
1318,28919,0,0,0,0,0,0,0,0,0,0,0,0
23178,30938,37275,44490,48542,0,0,0,0,0,0,0,0,0
4308,14460,27973,38196,49690,49757,0,0,0,0,0,0,0,0
1849,18344,40696,46188,48945,0,0,0,0,0,0,0,0,0
14130,18754,23916,0,0,0,0,0,0,0,0,0,0,0
4468,6059,17373,24756,27415,37716,39272,39340,41713,0,0,0,0,0
3554,5027,7565,10000,11275,12757,15080,20695,31070,38777,47436,0,0,0
49271,49366,0,0,0,0,0,0,0,0,0,0,0,0
8169,11578,12479,12905,22848,35768,40345,0,0,0,0,0,0,0
24642,34103,38742,38863,39423,47945,0,0,0,0,0,0,0,0
28618,42286,45410,49519,0,0,0,0,0,0,0,0,0,0
21984,30173,31549,33478,40390,0,0,0,0,0,0,0,0,0
11362,11543,12166,22193,30122,36021,36372,38082,47993,0,0,0,0,0
13066,16696,19449,22967,24342,26129,26736,35073,36069,39808,41635,43236,46996,48607
11543,22193,26933,31631,36021,47692,47993,0,0,0,0,0,0,0
1216,3488,17733,0,0,0,0,0,0,0,0,0,0,0
38841,42918,0,0,0,0,0,0,0,0,0,0,0,0
628,2708,17422,0,0,0,0,0,0,0,0,0,0,0
2532,13329,22776,32916,43964,47945,0,0,0,0,0,0,0,0
2573,41828,46393,49966,0,0,0,0,0,0,0,0,0,0
1318,10038,21970,27384,28919,38004,0,0,0,0,0,0,0,0
6609,7259,11877,16696,21463,36069,0,0,0,0,0,0,0,0
3755,4375,19779,21380,41649,43329,45954,0,0,0,0,0,0,0
1296,9398,10886,48704,0,0,0,0,0,0,0,0,0,0
7951,40299,46354,46470,0,0,0,0,0,0,0,0,0,0
18594,22259,33247,44102,0,0,0,0,0,0,0,0,0,0
3180,22967,26736,28791,43236,48607,0,0,0,0,0,0,0,0
11931,42560,0,0,0,0,0,0,0,0,0,0,0,0
15734,31439,43536,0,0,0,0,0,0,0,0,0,0,0
5670,6131,11026,12564,23033,23311,33478,37870,39517,39762,44535,0,0,0
15915,0,0,0,0,0,0,0,0,0,0,0,0,0
22934,34381,41828,46157,46393,0,0,0,0,0,0,0,0,0
10419,26965,49690,49757,0,0,0,0,0,0,0,0,0,0
2573,4357,4791,5339,8021,11351,17711,28688,28815,42904,46924,49182,0,0
10419,11820,15706,20500,26965,38724,41056,42085,49690,49757,0,0,0,0
10817,26933,31631,32252,39461,47692,0,0,0,0,0,0,0,0
6048,11359,22159,40239,43308,0,0,0,0,0,0,0,0,0
4375,7669,19779,21380,25389,31196,45954,0,0,0,0,0,0,0
90,2573,11719,26091,45979,49966,0,0,0,0,0,0,0,0
20160,33431,47176,0,0,0,0,0,0,0,0,0,0,0
653,9589,11135,12673,32262,35604,0,0,0,0,0,0,0,0
1849,11997,18344,40696,46188,48945,0,0,0,0,0,0,0,0
1187,15404,19504,22987,26890,40247,0,0,0,0,0,0,0,0
2053,7669,18589,23787,27218,39149,41617,41649,49128,0,0,0,0,0
12886,15915,18492,32298,0,0,0,0,0,0,0,0,0,0
15349,34196,36408,49366,0,0,0,0,0,0,0,0,0,0
16498,22423,28512,0,0,0,0,0,0,0,0,0,0,0
1849,18344,40696,46188,48945,0,0,0,0,0,0,0,0,0
6686,13671,23434,48933,49837,0,0,0,0,0,0,0,0,0
5518,22479,23807,33814,0,0,0,0,0,0,0,0,0,0
7539,8669,12621,28473,35057,0,0,0,0,0,0,0,0,0
6609,16696,18474,21463,36069,42424,0,0,0,0,0,0,0,0
492,9685,15692,26524,37407,0,0,0,0,0,0,0,0,0
1849,17757,18344,24448,31489,32712,40696,46188,48945,49588,0,0,0,0
94,1551,2051,13518,15494,25771,37442,0,0,0,0,0,0,0
8589,30076,46123,0,0,0,0,0,0,0,0,0,0,0
94,1551,2051,13518,15494,25771,37442,0,0,0,0,0,0,0
7951,23178,37275,46470,0,0,0,0,0,0,0,0,0,0
6131,12564,14642,22948,0,0,0,0,0,0,0,0,0,0
6783,6972,10379,15307,17044,0,0,0,0,0,0,0,0,0
20843,30804,41552,0,0,0,0,0,0,0,0,0,0,0
4357,4848,8021,12702,15938,30104,30205,39545,45515,0,0,0,0,0
11820,15706,16791,33053,38724,42085,0,0,0,0,0,0,0,0
4589,10038,21998,27384,28591,38004,47664,49546,0,0,0,0,0,0
18875,32034,37714,41099,41828,46393,46470,0,0,0,0,0,0,0
5754,31910,41213,43389,0,0,0,0,0,0,0,0,0,0
1072,3554,4558,22537,32371,0,0,0,0,0,0,0,0,0
4357,8021,28815,37875,41706,47146,0,0,0,0,0,0,0,0
15876,40187,44135,44768,0,0,0,0,0,0,0,0,0,0
9067,10755,14452,23717,25580,36883,37876,0,0,0,0,0,0,0
5283,8277,40890,0,0,0,0,0,0,0,0,0,0,0
7951,40299,46470,0,0,0,0,0,0,0,0,0,0,0
27435,30938,44490,48542,0,0,0,0,0,0,0,0,0,0
15916,18184,0,0,0,0,0,0,0,0,0,0,0,0
1216,3488,21998,24448,28591,36367,40488,42735,47664,48752,49271,0,0,0
35437,36021,46041,49519,0,0,0,0,0,0,0,0,0,0
4308,14460,23507,26081,33446,34040,38196,40430,0,0,0,0,0,0
30938,41056,44490,48542,0,0,0,0,0,0,0,0,0,0
23161,45032,48203,0,0,0,0,0,0,0,0,0,0,0
2573,9709,14642,16418,17711,21112,22948,39181,44994,49182,0,0,0,0
4848,12702,15938,30104,30205,39545,42982,45515,0,0,0,0,0,0
8169,10299,12905,19074,22848,33908,35768,0,0,0,0,0,0,0
2360,24627,25870,35437,36021,36765,38594,44550,46041,46823,49519,49690,49757,0
375,2573,12886,32298,49966,0,0,0,0,0,0,0,0,0
7669,15349,23787,41649,42763,49366,0,0,0,0,0,0,0,0
5339,22644,31896,37238,41192,0,0,0,0,0,0,0,0,0
10156,47165,48052,49612,0,0,0,0,0,0,0,0,0,0
19663,38742,39778,0,0,0,0,0,0,0,0,0,0,0
14700,25962,26736,28194,46960,48607,0,0,0,0,0,0,0,0
5770,26524,30122,38082,0,0,0,0,0,0,0,0,0,0
24448,49271,0,0,0,0,0,0,0,0,0,0,0,0
24642,38742,38863,39423,47945,0,0,0,0,0,0,0,0,0
1414,2873,6943,11245,16141,19215,22134,22317,41783,0,0,0,0,0
5898,11039,38594,41725,44247,0,0,0,0,0,0,0,0,0
31967,43062,0,0,0,0,0,0,0,0,0,0,0,0
8169,12905,22848,35768,0,0,0,0,0,0,0,0,0,0
3221,7951,10116,36731,40299,46354,46470,48300,0,0,0,0,0,0
2360,24627,25870,36765,38594,44550,0,0,0,0,0,0,0,0
17868,23709,29141,0,0,0,0,0,0,0,0,0,0,0
1849,5770,18344,26524,31639,40696,48945,0,0,0,0,0,0,0
16791,33053,43659,0,0,0,0,0,0,0,0,0,0,0
1755,6583,9748,16669,35437,36021,49519,0,0,0,0,0,0,0
6686,21984,30173,31549,40390,0,0,0,0,0,0,0,0,0
4678,30699,37407,48556,0,0,0,0,0,0,0,0,0,0
19449,24342,26129,46996,0,0,0,0,0,0,0,0,0,0
7016,17373,22580,25561,32097,39340,41713,0,0,0,0,0,0,0
4558,18474,22580,32097,38489,42424,0,0,0,0,0,0,0,0
4848,12702,30104,30205,39545,42982,45515,0,0,0,0,0,0,0
20160,33431,47176,0,0,0,0,0,0,0,0,0,0,0
5965,7951,18159,22934,30697,31348,34381,40299,46157,46354,46470,0,0,0
16428,32950,40163,0,0,0,0,0,0,0,0,0,0,0
1275,7257,10369,25702,39847,42316,0,0,0,0,0,0,0,0
5914,7016,22580,23459,25561,30831,32097,0,0,0,0,0,0,0
11401,26096,40988,0,0,0,0,0,0,0,0,0,0,0
8870,15307,23507,26081,32484,33446,0,0,0,0,0,0,0,0
19449,28815,46996,0,0,0,0,0,0,0,0,0,0,0
8277,11543,22193,33206,36021,47993,0,0,0,0,0,0,0,0
15734,18900,31439,40319,42085,43536,0,0,0,0,0,0,0,0
10633,13290,0,0,0,0,0,0,0,0,0,0,0,0
6551,10060,18900,23782,24293,34651,40319,42085,47484,0,0,0,0,0
375,46983,0,0,0,0,0,0,0,0,0,0,0,0
1314,6632,23774,29777,32459,0,0,0,0,0,0,0,0,0
14700,23507,26081,26088,33446,0,0,0,0,0,0,0,0,0
10633,13290,30938,44490,48542,0,0,0,0,0,0,0,0,0
1318,21970,23268,28919,43955,0,0,0,0,0,0,0,0,0
4848,12702,19449,24342,26129,30104,39545,42982,45515,46996,0,0,0,0
2790,31874,39926,0,0,0,0,0,0,0,0,0,0,0
30938,40319,42085,44490,48542,0,0,0,0,0,0,0,0,0
2573,7281,19326,31618,49966,0,0,0,0,0,0,0,0,0
11039,11401,19449,24342,26129,44247,46996,0,0,0,0,0,0,0
4357,5027,8021,10000,11401,20695,28815,40988,0,0,0,0,0,0
5991,8614,15915,30122,38082,42341,42424,0,0,0,0,0,0,0
7565,11275,15080,31070,38594,38777,47436,0,0,0,0,0,0,0
7951,20497,26078,31967,40299,43062,46470,0,0,0,0,0,0,0
19504,31631,43743,47692,0,0,0,0,0,0,0,0,0,0
4375,13290,19449,19779,21380,25389,45954,0,0,0,0,0,0,0
4510,7281,29423,32743,44567,47103,47486,49690,49757,0,0,0,0,0
28258,33555,47954,0,0,0,0,0,0,0,0,0,0,0
10350,15916,18184,22226,47520,0,0,0,0,0,0,0,0,0
1023,1554,10817,29990,30048,31196,32252,39461,40144,46727,0,0,0,0
3796,6686,16989,19326,21224,31618,32654,48933,0,0,0,0,0,0
4324,20388,26137,38027,0,0,0,0,0,0,0,0,0,0
8145,16502,21712,26096,46345,0,0,0,0,0,0,0,0,0
10350,22226,47520,0,0,0,0,0,0,0,0,0,0,0
5043,7281,22226,23314,33506,47520,47869,0,0,0,0,0,0,0
18900,40319,0,0,0,0,0,0,0,0,0,0,0,0
17757,31489,32712,49588,0,0,0,0,0,0,0,0,0,0
22580,23064,44309,0,0,0,0,0,0,0,0,0,0,0
22580,23064,26736,27373,43036,44309,48607,0,0,0,0,0,0,0
2382,6632,18775,31196,31889,32367,39733,48071,48556,0,0,0,0,0
2360,4363,20832,24627,25870,36765,38594,44550,0,0,0,0,0,0
1275,7257,8695,11543,25702,36021,39847,47993,0,0,0,0,0,0
1256,2912,9299,15915,35104,44943,0,0,0,0,0,0,0,0
15351,27218,39149,44886,45142,0,0,0,0,0,0,0,0,0
7565,11275,15080,19449,31070,38777,46996,47436,0,0,0,0,0,0
23311,39517,48749,0,0,0,0,0,0,0,0,0,0,0
5283,19449,34196,36408,40890,46996,0,0,0,0,0,0,0,0
6212,15307,32484,35335,45450,0,0,0,0,0,0,0,0,0
780,5316,11931,27406,45120,45388,0,0,0,0,0,0,0,0
7016,12272,22580,25561,32097,46305,0,0,0,0,0,0,0,0
7610,19449,21112,22474,32641,0,0,0,0,0,0,0,0,0
5481,18395,18856,36856,48480,0,0,0,0,0,0,0,0,0
3796,19469,19504,22317,38069,39926,41056,42161,43743,0,0,0,0,0
375,9681,18594,26078,30804,41552,46983,49619,0,0,0,0,0,0
1187,18594,22259,28512,33247,44102,0,0,0,0,0,0,0,0
10509,26933,31631,44410,47692,0,0,0,0,0,0,0,0,0
38594,0,0,0,0,0,0,0,0,0,0,0,0,0
7616,8277,30590,33206,36809,47484,0,0,0,0,0,0,0,0
2903,4116,6585,10829,12303,30697,0,0,0,0,0,0,0,0
8145,15045,16502,19659,21712,26096,46345,0,0,0,0,0,0,0
13671,17757,29423,31489,32712,32743,34196,49588,0,0,0,0,0,0
12272,16791,33053,43659,46305,0,0,0,0,0,0,0,0,0
15361,49679,0,0,0,0,0,0,0,0,0,0,0,0
4468,5898,5991,27415,29948,37716,41725,42341,42424,0,0,0,0,0
11955,35764,0,0,0,0,0,0,0,0,0,0,0,0
9927,16181,17281,37494,45636,0,0,0,0,0,0,0,0,0
7669,23787,41649,0,0,0,0,0,0,0,0,0,0,0
1930,12448,21595,22967,26736,30908,35155,37539,38694,43236,48607,0,0,0
12448,18110,27218,27973,37539,47579,0,0,0,0,0,0,0,0
17849,23064,37732,42316,0,0,0,0,0,0,0,0,0,0
1984,27556,0,0,0,0,0,0,0,0,0,0,0,0
4308,8695,14460,38196,0,0,0,0,0,0,0,0,0,0
5750,11955,23517,25962,27373,35764,41056,43036,46960,0,0,0,0,0
1318,21970,28919,0,0,0,0,0,0,0,0,0,0,0
90,11719,16360,26091,27525,30424,45979,0,0,0,0,0,0,0
16198,38594,40601,44247,47885,0,0,0,0,0,0,0,0,0
3297,4716,15486,26064,38054,39919,47847,0,0,0,0,0,0,0
3880,35449,38594,42492,0,0,0,0,0,0,0,0,0,0
9681,11820,15349,15706,38724,42085,49366,49619,0,0,0,0,0,0
21463,28604,31967,43062,0,0,0,0,0,0,0,0,0,0
37157,0,0,0,0,0,0,0,0,0,0,0,0,0
1849,18344,30938,40696,44490,46188,48542,48945,0,0,0,0,0,0
4308,14460,38196,0,0,0,0,0,0,0,0,0,0,0
1747,17373,24867,39340,44466,0,0,0,0,0,0,0,0,0
10886,10889,11992,34426,38290,38594,44247,0,0,0,0,0,0,0
17849,23064,37732,0,0,0,0,0,0,0,0,0,0,0
2382,2573,18775,32367,39733,0,0,0,0,0,0,0,0,0
17757,18726,31489,32712,37777,38742,38979,43005,49420,49588,0,0,0,0
17868,23706,26096,31775,32950,40163,0,0,0,0,0,0,0,0
3880,37157,0,0,0,0,0,0,0,0,0,0,0,0
11362,12166,15734,31439,36372,43536,0,0,0,0,0,0,0,0
4909,28815,35212,38742,39778,0,0,0,0,0,0,0,0,0
35437,46041,49519,0,0,0,0,0,0,0,0,0,0,0
22537,23033,37870,41552,0,0,0,0,0,0,0,0,0,0
11026,14700,28868,33478,34706,39762,44535,0,0,0,0,0,0,0
3249,3628,22707,23311,39517,39762,41806,44535,48749,0,0,0,0,0
2112,4375,18003,19779,21272,21380,23637,25389,28744,33178,37632,39461,39547,45954
8259,12272,14921,27299,32279,46305,47199,0,0,0,0,0,0,0
7016,22580,25561,32097,0,0,0,0,0,0,0,0,0,0
2903,4116,6585,10829,12303,30697,0,0,0,0,0,0,0,0
3755,23314,33478,39762,41533,44535,0,0,0,0,0,0,0,0
4308,7669,14460,19449,23787,38196,41649,0,0,0,0,0,0,0
1685,29608,0,0,0,0,0,0,0,0,0,0,0,0
780,45120,45388,0,0,0,0,0,0,0,0,0,0,0
5991,8614,42341,42424,0,0,0,0,0,0,0,0,0,0
31896,36766,39842,41192,0,0,0,0,0,0,0,0,0,0
23105,23168,38698,44410,48556,0,0,0,0,0,0,0,0,0
3249,3628,10817,22469,32252,36381,39461,41806,0,0,0,0,0,0
16791,20977,23311,33717,39517,46527,48749,0,0,0,0,0,0,0
5991,8614,37539,42341,42424,0,0,0,0,0,0,0,0,0
90,11719,26091,45979,0,0,0,0,0,0,0,0,0,0
12819,18474,37080,38489,42424,0,0,0,0,0,0,0,0,0
15349,42763,49366,0,0,0,0,0,0,0,0,0,0,0
4589,21998,28591,47664,0,0,0,0,0,0,0,0,0,0
6609,10419,16696,26965,36069,49690,49757,0,0,0,0,0,0,0
3415,9927,16181,17281,19229,20843,31196,37494,45636,0,0,0,0,0
2181,16897,20160,28815,33436,38786,42304,42816,0,0,0,0,0,0
7016,22580,25561,32097,0,0,0,0,0,0,0,0,0,0
3755,7951,40299,46354,46470,0,0,0,0,0,0,0,0,0
15404,19504,22987,26890,0,0,0,0,0,0,0,0,0,0
12819,16360,18248,25382,35012,37080,41649,0,0,0,0,0,0,0
1849,1919,34614,39749,46188,49821,0,0,0,0,0,0,0,0
19351,42106,0,0,0,0,0,0,0,0,0,0,0,0
15486,22461,26064,38054,47847,0,0,0,0,0,0,0,0,0
10633,13290,27218,39149,0,0,0,0,0,0,0,0,0,0
3554,12757,35437,36021,46041,49519,0,0,0,0,0,0,0,0
1314,6632,23774,29777,32459,0,0,0,0,0,0,0,0,0
18726,38742,38979,43005,49420,0,0,0,0,0,0,0,0,0
39762,0,0,0,0,0,0,0,0,0,0,0,0,0
23268,40299,46354,46470,0,0,0,0,0,0,0,0,0,0
1930,6686,21595,30908,35155,38694,48933,0,0,0,0,0,0,0
3139,3141,9118,11820,15706,18259,23473,27414,33984,38724,39055,42085,0,0
2573,17711,39181,46924,49182,0,0,0,0,0,0,0,0,0
3572,40961,41649,0,0,0,0,0,0,0,0,0,0,0
1133,22423,27673,30919,31133,41145,0,0,0,0,0,0,0,0
11820,15706,38594,38724,42085,0,0,0,0,0,0,0,0,0
2903,4116,6585,10829,12303,30697,0,0,0,0,0,0,0,0
4165,16181,17281,45636,0,0,0,0,0,0,0,0,0,0
7016,22580,25561,32097,0,0,0,0,0,0,0,0,0,0
3139,13671,14921,27414,32279,34196,39055,0,0,0,0,0,0,0
375,11026,33478,39762,44535,46983,0,0,0,0,0,0,0,0
7281,27218,45724,0,0,0,0,0,0,0,0,0,0,0
1849,18344,40696,46188,48945,0,0,0,0,0,0,0,0,0
4357,8021,28815,0,0,0,0,0,0,0,0,0,0,0
10886,10889,13340,34426,38290,48071,48556,0,0,0,0,0,0,0
1253,28868,30404,34706,0,0,0,0,0,0,0,0,0,0
3249,3628,5806,22469,24412,24450,26091,36381,36499,41806,0,0,0,0
17373,39340,41713,0,0,0,0,0,0,0,0,0,0,0
3249,3628,18726,22469,36381,38742,38979,41806,43005,0,0,0,0,0
8169,12905,22848,35768,0,0,0,0,0,0,0,0,0,0
2573,9449,15915,0,0,0,0,0,0,0,0,0,0,0
3249,22469,22707,41806,0,0,0,0,0,0,0,0,0,0
8870,11931,15916,18184,27406,0,0,0,0,0,0,0,0,0
10350,19663,22226,35073,37174,38708,47520,0,0,0,0,0,0,0
11820,11955,15706,38724,42085,42909,0,0,0,0,0,0,0,0
4363,8695,11820,15706,20832,38724,39847,42085,0,0,0,0,0,0
16502,26096,35829,43479,0,0,0,0,0,0,0,0,0,0
11997,31889,48071,0,0,0,0,0,0,0,0,0,0,0
1256,6266,9701,0,0,0,0,0,0,0,0,0,0,0
44943,0,0,0,0,0,0,0,0,0,0,0,0,0
10755,14452,25580,0,0,0,0,0,0,0,0,0,0,0
1216,3488,17733,36367,0,0,0,0,0,0,0,0,0,0
1849,7394,18344,34811,40696,46188,48945,0,0,0,0,0,0,0
7951,14467,29777,39592,0,0,0,0,0,0,0,0,0,0
3221,3880,10116,31889,36731,37157,48071,48300,48556,0,0,0,0,0
628,29060,41828,46393,0,0,0,0,0,0,0,0,0,0
15404,19504,22987,26890,0,0,0,0,0,0,0,0,0,0
4357,8021,19663,20832,28815,37174,38708,0,0,0,0,0,0,0
1256,4308,14460,17766,23258,38196,0,0,0,0,0,0,0,0
15876,40187,44135,44768,0,0,0,0,0,0,0,0,0,0
7257,35437,36021,46041,49519,0,0,0,0,0,0,0,0,0
6048,8277,11359,22159,40221,40239,42594,43308,0,0,0,0,0,0
6048,7138,9681,11359,22159,37080,43308,49619,0,0,0,0,0,0
6632,18584,31196,46013,0,0,0,0,0,0,0,0,0,0
26736,28258,33555,47954,0,0,0,0,0,0,0,0,0,0
3755,8695,29423,32743,39847,43329,0,0,0,0,0,0,0,0
1412,3357,5193,15486,19200,37752,44135,48493,0,0,0,0,0,0
3752,4468,5522,13178,15091,16801,27415,37716,0,0,0,0,0,0
1187,5518,15916,18184,22479,23807,33814,40247,0,0,0,0,0,0
6266,6583,9748,24743,34799,0,0,0,0,0,0,0,0,0
1314,6632,7616,23774,29777,32459,0,0,0,0,0,0,0,0
3249,3628,22469,22707,41806,0,0,0,0,0,0,0,0,0
1412,3357,5193,15486,18395,18856,19200,31639,37752,44135,44517,48480,48493,0
31967,43062,49690,0,0,0,0,0,0,0,0,0,0,0
16360,18248,25962,46960,47692,0,0,0,0,0,0,0,0,0
7616,0,0,0,0,0,0,0,0,0,0,0,0,0
35437,36021,46041,49519,0,0,0,0,0,0,0,0,0,0
5976,7480,12886,21027,32298,39362,0,0,0,0,0,0,0,0
3141,9118,18259,23473,33984,0,0,0,0,0,0,0,0,0
3572,22644,40961,0,0,0,0,0,0,0,0,0,0,0
11039,38594,41828,44247,46393,49366,0,0,0,0,0,0,0,0
3415,5027,10000,13576,19229,19663,20695,20843,37174,38708,0,0,0,0
43955,0,0,0,0,0,0,0,0,0,0,0,0,0
3249,3628,18726,22469,36381,38979,43005,49420,0,0,0,0,0,0
90,11543,11719,17785,22193,26091,36021,45979,47993,0,0,0,0,0
6686,11039,11362,12166,36372,38594,44247,48933,0,0,0,0,0,0
3838,20068,30890,44273,46925,0,0,0,0,0,0,0,0,0
7016,22580,25561,32097,0,0,0,0,0,0,0,0,0,0
18726,38742,38979,43005,49420,0,0,0,0,0,0,0,0,0
4363,15043,19449,20832,24342,24948,26129,45877,46996,49588,0,0,0,0
4848,12702,15938,30104,30205,39545,42982,45515,0,0,0,0,0,0
1414,2873,6943,11245,16141,19215,22134,22317,41783,0,0,0,0,0
4558,22537,35335,45450,0,0,0,0,0,0,0,0,0,0
11820,12819,15706,37080,38724,42085,0,0,0,0,0,0,0,0
10004,11941,19469,19707,23294,34862,42161,0,0,0,0,0,0,0
4561,16428,29820,32950,36021,40042,40163,0,0,0,0,0,0,0
4308,14460,37238,38196,0,0,0,0,0,0,0,0,0,0
2676,6609,21463,22562,23517,36069,0,0,0,0,0,0,0,0
37875,41706,0,0,0,0,0,0,0,0,0,0,0,0
1685,11820,13126,15706,29608,33510,38724,42085,42286,0,0,0,0,0
6686,48933,0,0,0,0,0,0,0,0,0,0,0,0
5481,18395,18856,22537,36856,48480,0,0,0,0,0,0,0,0
3249,3628,22469,36381,41806,0,0,0,0,0,0,0,0,0
3322,4558,5486,12684,19081,20818,22185,24867,33431,37163,37476,48307,0,0
28868,34706,0,0,0,0,0,0,0,0,0,0,0,0
27218,33713,38594,45724,0,0,0,0,0,0,0,0,0,0
30122,34040,38082,39433,0,0,0,0,0,0,0,0,0,0
26736,48607,0,0,0,0,0,0,0,0,0,0,0,0
1216,6266,11362,17733,36367,0,0,0,0,0,0,0,0,0
17868,23706,26096,31775,0,0,0,0,0,0,0,0,0,0
3249,3628,19469,22469,27973,36381,41806,42161,0,0,0,0,0,0
4375,4589,19779,21380,21998,25389,28591,45954,47664,0,0,0,0,0
5670,6551,10060,23033,23782,24293,34651,37870,47484,0,0,0,0,0
2573,5036,16791,30938,36203,36372,44490,48542,0,0,0,0,0,0
3880,6686,16360,27525,30424,35449,42492,48933,0,0,0,0,0,0
10419,49690,49757,0,0,0,0,0,0,0,0,0,0,0
4357,8021,11820,15706,28815,38724,42085,0,0,0,0,0,0,0
31967,40488,42735,43062,48752,0,0,0,0,0,0,0,0,0
3415,5914,19229,20843,23459,30831,0,0,0,0,0,0,0,0
7951,14467,16502,26096,29777,39592,0,0,0,0,0,0,0,0
1412,3357,5193,15486,19200,37752,44135,48493,0,0,0,0,0,0
18594,26078,0,0,0,0,0,0,0,0,0,0,0,0
5991,6686,8614,19469,42161,42341,42424,48933,0,0,0,0,0,0
1296,9398,37777,48704,49821,0,0,0,0,0,0,0,0,0
22469,36381,41806,0,0,0,0,0,0,0,0,0,0,0
17044,23434,33904,38694,49837,0,0,0,0,0,0,0,0,0
16360,18248,38594,0,0,0,0,0,0,0,0,0,0,0
13325,15624,15805,38742,0,0,0,0,0,0,0,0,0,0
16360,18248,23459,30831,0,0,0,0,0,0,0,0,0,0
11362,12166,15915,36372,0,0,0,0,0,0,0,0,0,0
36021,46041,49519,0,0,0,0,0,0,0,0,0,0,0
10886,10889,13340,18875,34426,38290,39399,41099,0,0,0,0,0,0
1747,18584,46013,49690,49757,0,0,0,0,0,0,0,0,0
18900,29423,40319,42085,0,0,0,0,0,0,0,0,0,0
4558,22537,0,0,0,0,0,0,0,0,0,0,0,0
106,10633,13290,17373,18290,39340,41713,43955,0,0,0,0,0,0
10817,23311,32252,39461,48749,0,0,0,0,0,0,0,0,0
7257,22317,26247,0,0,0,0,0,0,0,0,0,0,0
18474,38489,42424,0,0,0,0,0,0,0,0,0,0,0
16696,21463,21595,25382,30908,35012,35155,36069,41649,0,0,0,0,0
1256,17766,22580,23258,35335,44309,45450,0,0,0,0,0,0,0
6783,6972,10379,15320,17044,36526,38456,41335,44862,49821,0,0,0,0
2382,2573,18775,32367,39733,0,0,0,0,0,0,0,0,0
1187,23311,40247,48749,0,0,0,0,0,0,0,0,0,0
1187,10004,22535,38385,43456,0,0,0,0,0,0,0,0,0
9449,26933,31631,47692,0,0,0,0,0,0,0,0,0,0
4375,5991,8614,18492,19779,21380,25389,32371,42341,42424,45954,0,0,0
737,12831,28849,37398,39526,42285,0,0,0,0,0,0,0,0
17444,19504,22987,23178,26890,27373,43036,0,0,0,0,0,0,0
1685,13126,29608,33510,42286,0,0,0,0,0,0,0,0,0
15734,31439,35437,36021,43536,46041,49519,0,0,0,0,0,0,0
6266,20121,26157,27526,0,0,0,0,0,0,0,0,0,0
8589,10299,17822,26873,30076,35538,38400,40101,46123,0,0,0,0,0
3667,3755,0,0,0,0,0,0,0,0,0,0,0,0
7669,16665,22461,23787,23903,29910,41649,49291,0,0,0,0,0,0
10242,24867,44466,0,0,0,0,0,0,0,0,0,0,0
3880,16428,32950,35212,37157,40163,0,0,0,0,0,0,0,0
2573,4363,20832,31196,38594,49966,0,0,0,0,0,0,0,0
31631,47692,0,0,0,0,0,0,0,0,0,0,0,0
7565,11275,15080,31070,38777,0,0,0,0,0,0,0,0,0
25382,35012,41649,46924,49182,0,0,0,0,0,0,0,0,0
5670,23033,37870,0,0,0,0,0,0,0,0,0,0,0
1755,6583,9748,0,0,0,0,0,0,0,0,0,0,0
5027,20695,0,0,0,0,0,0,0,0,0,0,0,0
18616,34583,38742,39778,0,0,0,0,0,0,0,0,0,0
9118,18259,23473,33984,0,0,0,0,0,0,0,0,0,0
4917,15349,21224,42763,0,0,0,0,0,0,0,0,0,0
19351,27373,42106,43036,0,0,0,0,0,0,0,0,0,0
31631,47692,0,0,0,0,0,0,0,0,0,0,0,0
5991,26252,36601,39300,42424,49447,0,0,0,0,0,0,0,0
5518,22479,23807,33814,0,0,0,0,0,0,0,0,0,0
1412,3357,4308,5193,14460,15486,19200,37752,38196,44135,48493,0,0,0
23311,39517,48749,0,0,0,0,0,0,0,0,0,0,0
1133,7016,22423,22580,25561,26282,27673,32097,0,0,0,0,0,0
5298,5976,10895,11992,15349,27435,39362,41828,46393,0,0,0,0,0
6048,11359,18594,22159,22259,33247,40239,43308,44102,0,0,0,0,0
780,5518,18900,19326,28233,40319,40370,45120,45388,0,0,0,0,0
4558,5486,7616,12684,19081,22185,37163,48307,0,0,0,0,0,0
13325,21463,0,0,0,0,0,0,0,0,0,0,0,0
8397,14853,19469,20067,22885,32939,34393,36253,41311,42161,0,0,0,0
628,4363,8589,17822,20832,21345,26873,29060,30076,0,0,0,0,0
1830,4676,24927,31992,0,0,0,0,0,0,0,0,0,0
1256,9927,16181,17281,26933,31631,37494,45636,0,0,0,0,0,0
19469,42161,0,0,0,0,0,0,0,0,0,0,0,0
4848,12702,15938,30104,30205,39545,42982,45515,0,0,0,0,0,0
4848,8051,9430,11600,12462,15938,30104,30205,42761,42982,45515,0,0,0
653,9589,11135,12673,32262,35604,0,0,0,0,0,0,0,0
34196,36408,0,0,0,0,0,0,0,0,0,0,0,0
4324,20388,26137,38027,0,0,0,0,0,0,0,0,0,0
1849,18344,40696,46188,48945,0,0,0,0,0,0,0,0,0
4363,20832,42735,48752,0,0,0,0,0,0,0,0,0,0
4324,6609,16696,20388,26137,36069,38027,0,0,0,0,0,0,0
7016,22580,25561,32097,0,0,0,0,0,0,0,0,0,0
3179,28604,0,0,0,0,0,0,0,0,0,0,0,0
7016,22580,25561,32097,0,0,0,0,0,0,0,0,0,0
1849,1919,4363,20832,34614,38742,38979,39749,43005,45477,46188,49420,49821,0
3752,5750,11955,28946,34105,35764,38868,40247,47954,49182,0,0,0,0
6632,22967,26736,31196,43236,48607,0,0,0,0,0,0,0,0
1256,3855,5531,6154,6266,9701,24794,30605,30938,44490,48542,0,0,0
11039,15486,22461,23161,38054,38594,44247,47847,48203,0,0,0,0,0
7281,41635,0,0,0,0,0,0,0,0,0,0,0,0
90,11719,26091,45979,0,0,0,0,0,0,0,0,0,0
15045,19659,27525,30424,0,0,0,0,0,0,0,0,0,0
2053,3032,18589,41617,49128,0,0,0,0,0,0,0,0,0
20500,30122,35829,37632,38082,43479,0,0,0,0,0,0,0,0
9927,16181,17281,37494,45636,0,0,0,0,0,0,0,0,0
15916,18184,0,0,0,0,0,0,0,0,0,0,0,0
22848,30804,41552,42910,44994,0,0,0,0,0,0,0,0,0
1930,21595,30908,35155,38694,0,0,0,0,0,0,0,0,0
1314,6632,23774,29777,31631,32459,0,0,0,0,0,0,0,0
15624,24931,27218,33713,45724,0,0,0,0,0,0,0,0,0
1220,8680,31874,38489,48752,0,0,0,0,0,0,0,0,0
2382,2573,18775,32367,39733,0,0,0,0,0,0,0,0,0
10350,22226,47520,0,0,0,0,0,0,0,0,0,0,0
1849,12166,18344,23803,35335,40696,46188,0,0,0,0,0,0,0
5770,15043,24948,29423,32743,45877,47486,49588,0,0,0,0,0,0
6131,12564,23311,39517,48749,0,0,0,0,0,0,0,0,0
3796,6131,12564,16989,32654,0,0,0,0,0,0,0,0,0
1747,30938,41635,44490,48542,0,0,0,0,0,0,0,0,0
2573,49966,0,0,0,0,0,0,0,0,0,0,0,0
31967,43062,0,0,0,0,0,0,0,0,0,0,0,0
8589,17822,26873,30076,46123,0,0,0,0,0,0,0,0,0
973,3838,13961,15307,19868,20068,30890,32484,46925,0,0,0,0,0
14700,26088,28194,0,0,0,0,0,0,0,0,0,0,0
7951,29777,39592,0,0,0,0,0,0,0,0,0,0,0
9067,10419,15916,17757,18184,23717,32712,36883,37876,49588,49690,49757,0,0
2091,4589,31896,34040,36766,39842,40430,41192,0,0,0,0,0,0
11362,12166,22848,36372,42910,43311,0,0,0,0,0,0,0,0
10350,12921,17373,22226,23415,39340,0,0,0,0,0,0,0,0
13325,0,0,0,0,0,0,0,0,0,0,0,0,0
10817,17373,25964,32252,39340,39461,41127,41713,0,0,0,0,0,0
18110,41261,0,0,0,0,0,0,0,0,0,0,0,0
11362,12166,19351,36372,42106,0,0,0,0,0,0,0,0,0
11997,20465,23678,25769,47436,0,0,0,0,0,0,0,0,0
30122,38082,0,0,0,0,0,0,0,0,0,0,0,0
4848,12702,15938,30205,42982,45515,0,0,0,0,0,0,0,0
11543,22193,24642,34103,36021,38742,38863,39423,47945,47993,0,0,0,0
3880,7259,11877,35449,42492,0,0,0,0,0,0,0,0,0
4589,21998,28591,47664,0,0,0,0,0,0,0,0,0,0
7951,11039,40299,41056,44247,46354,46470,0,0,0,0,0,0,0
106,5718,8277,24478,0,0,0,0,0,0,0,0,0,0
3221,5339,15424,17373,22644,36494,39340,41713,0,0,0,0,0,0
22537,30804,41552,0,0,0,0,0,0,0,0,0,0,0
23105,38698,48556,0,0,0,0,0,0,0,0,0,0,0
3755,5027,20695,23311,39517,43329,48749,0,0,0,0,0,0,0
10004,10755,14452,19707,25580,0,0,0,0,0,0,0,0,0
30938,44490,0,0,0,0,0,0,0,0,0,0,0,0
19469,21499,42161,45670,0,0,0,0,0,0,0,0,0,0
35437,36021,46041,49519,0,0,0,0,0,0,0,0,0,0
10817,16498,22423,28512,32252,39149,0,0,0,0,0,0,0,0
8695,39847,0,0,0,0,0,0,0,0,0,0,0,0
1554,23661,39399,49301,0,0,0,0,0,0,0,0,0,0
11401,23507,26081,33446,40988,0,0,0,0,0,0,0,0,0
24642,34103,38742,38863,39423,47945,0,0,0,0,0,0,0,0
5914,5991,8614,23459,30831,42341,42424,0,0,0,0,0,0,0
6048,11359,22159,40239,43308,0,0,0,0,0,0,0,0,0
13066,18594,26078,39808,0,0,0,0,0,0,0,0,0,0
12166,12335,21531,35212,36372,38841,40003,0,0,0,0,0,0,0
11997,0,0,0,0,0,0,0,0,0,0,0,0,0
5991,26252,36601,39300,42424,49447,0,0,0,0,0,0,0,0
2053,3032,4558,18589,22537,31967,41617,43062,49128,0,0,0,0,0
4558,22537,0,0,0,0,0,0,0,0,0,0,0,0
94,1551,2051,13518,15494,25771,37442,0,0,0,0,0,0,0
1318,21970,28919,35437,46041,0,0,0,0,0,0,0,0,0
4357,9067,23717,36883,37876,0,0,0,0,0,0,0,0,0
4468,24756,27415,37716,39517,48749,0,0,0,0,0,0,0,0
3838,19868,20068,30890,46925,0,0,0,0,0,0,0,0,0
2053,18589,41617,49128,0,0,0,0,0,0,0,0,0,0
19977,23803,34046,0,0,0,0,0,0,0,0,0,0,0
28815,34064,35212,49791,0,0,0,0,0,0,0,0,0,0
2912,9299,12272,15915,30938,35104,44490,46305,48542,0,0,0,0,0
1256,3752,3855,6266,9701,11890,20160,23434,24794,28868,34105,44925,47176,49837
1747,0,0,0,0,0,0,0,0,0,0,0,0,0
35437,36021,49519,0,0,0,0,0,0,0,0,0,0,0
4468,24756,27415,0,0,0,0,0,0,0,0,0,0,0
17868,23706,26096,31775,0,0,0,0,0,0,0,0,0,0
5898,11245,17373,22317,29948,39340,41713,41725,0,0,0,0,0,0
5518,22479,23807,33814,0,0,0,0,0,0,0,0,0,0
15471,15486,15906,22461,26064,38054,44158,47847,0,0,0,0,0,0
17849,21171,23064,27218,36499,37732,0,0,0,0,0,0,0,0
375,19779,21380,25389,45954,46983,0,0,0,0,0,0,0,0
106,2573,5770,8695,18290,26524,39847,49966,0,0,0,0,0,0
12272,46305,0,0,0,0,0,0,0,0,0,0,0,0
27218,33713,45724,0,0,0,0,0,0,0,0,0,0,0
5750,11955,16360,35764,0,0,0,0,0,0,0,0,0,0
40299,46354,46470,0,0,0,0,0,0,0,0,0,0,0
26064,26736,31874,34219,34393,48752,0,0,0,0,0,0,0,0
28698,29747,37396,46964,0,0,0,0,0,0,0,0,0,0
30122,38082,0,0,0,0,0,0,0,0,0,0,0,0
3838,19868,20068,30890,46925,0,0,0,0,0,0,0,0,0
23105,38698,48556,0,0,0,0,0,0,0,0,0,0,0
1381,30150,37357,43569,0,0,0,0,0,0,0,0,0,0
1232,2053,3032,9204,10817,12335,18589,32252,49128,0,0,0,0,0
2360,6583,24627,25870,27218,36765,38594,39149,44550,0,0,0,0,0
4357,8021,28815,43036,49966,0,0,0,0,0,0,0,0,0
4848,12702,15938,30104,30205,39545,42982,45515,0,0,0,0,0,0
1072,13066,32371,39808,0,0,0,0,0,0,0,0,0,0
9514,25884,39134,0,0,0,0,0,0,0,0,0,0,0
10886,10889,13340,34426,38290,0,0,0,0,0,0,0,0,0
1253,23314,30404,0,0,0,0,0,0,0,0,0,0,0
2360,4363,20832,24627,25870,36765,38594,44550,0,0,0,0,0,0
6783,6972,10379,15320,17044,0,0,0,0,0,0,0,0,0
